CAGCAGGTCA,CACTTAGGTA
AGGTAACAAC,GCACGATGCT
TCCAACTGAA,TGTCCGTAGG
TCGCGACACT,CGAGTAATGT
TGGAGATCGA,CAGCGGTATG
CCACAGCCTT,GCTATTGAAG
ACCGAATAGA,TCAGCATCCG
TTACTTCGTG,AAGATCGGAT
GCCAGCTATC,TTGTTCGTGT
CTAACCTCAA,TCACAGTTGC
ACGAGACGTC,CGGTCTCTCT
ACTCCGAAGC,TCCGTGTTGC
AATCTGCAGT,TGCGAAGTGA
CGCCAAGGTA,GATAGTGTTC
CGAGCGTAGT,TGCTCACGCA
GACTCATCCA,GAACCAAGCG
CCTAAGCTGA,CGTCGCATCT
ACTTCCGGCA,GACCAATTGT
AAGCGCTTAG,TGTCTGTGAC
AACAACACAG,GAACATTGGC
AGACTAGATG,CGTAACACTA
CTCCGCCATA,GCGTTCAGCA
TGACACGATT,GCCTAGGAAG
ATGACAGCAC,CGCTTGTTAT
CCTCCTGTGA,CACGTCTACG
AGAACTAACG,TTATCGAGAG
CCGATAGTAG,GAGTTGCATA
CCTCGTTGGA,GACTGCGTTA
AATAGGTAGG,TGGCTTATGG
CCAGTCGTCA,CGCTAGGCTA
TTCCTTGAGG,TAAGACAGCA
TAGAAGATCG,CGACCAGTGT
TAGGAAGCGG,CCAATCCAGG
CGGCATATAC,ATGAGCTGGA
CAAGGATCGA,GCAGACACAA
AAGAGCTCGC,CCAATAGATC
CCTATGTGTA,TAGTGAGTCG
TTGGATTGTC,CGGCTGTTAG
TCAATACGTG,GCTGCTAATA
TTACGGACGC,ATTGGCCAGC
AGGAGACCAC,TACCACGTAG
AACGCGACTG,GACCTACGAG
TCAATCTAGC,TCCGAATAAG
GCGGAGTCAA,CTCTATAGCT
GATGCTAGAA,TGGATGCCAG
ACGATGGTTA,AATTGCTAGG
AGTACAACTG,CATTGAGTTC
GTACGCATCG,GAGTTGTTCA
ACTTCCGTTC,CAATTCCGTG
CCACCTGCTT,TGTTACCGTC
CTTACTCTCT,CTGCTTAAGG
CTACAAGTTC,GCACCATGAA
AACCTGATCT,ATTCCGTCCG
TCTGACTATG,TAACCAGATC
AGAAGATTGG,AGAAGGTACT
GCGCCATATA,GAACCTCCTA
CCATCACGTG,TCTCCTGGTT
ATAGCCGGTT,TCTTATCCGG
GTTCTCATCA,CCTCCATTCT
CCTACTCTGC,TGCAATTGGC
TCGCTGAGAG,AATGCTCTAG
TAGGTCCAGA,TGCTCATCCG
GATAGGTGAA,AGACGCAAGA
TTGTGAGAAG,TTCACTGGCT
CGGATCATTA,CCGTAACCTT
GATAGATCAG,CGTACGCCAT
TCTACAGCTA,AATGGAAGAC
CGCACATTAC,TGGAACGTAG
ATAGAGTTCG,GCATAACGGC
GCATTCCTTC,GAGCCTGCTT
GTTAGTGCCT,CTGCATAGCA
GATTCTTAGC,TGCTAGCGGT
GTAGGCCGTT,GCCACTGTCT
ACTGGCAAGA,TGTTGTCCAT
ACAAGAACCT,CGATACTGAA
ACTTAGATCG,CGGAATTCTT
ACCTTCGGAC,GACCGTAGAT
TTCTACCGGC,TACTCGTAAG
TGACAAGAGG,AATCTGTTGG
AGGCTGGAGA,CAACTGTCAT
TAAGCCACGC,TTACGAACGA
TTGCAATGCG,CGAGACTTCA
AACCGGCCTT,TGTTCAGATC
AACCACACTA,CCTCTGCTGA
TGGACAATAG,GAGTCCTGTG
AGGATACGGT,AACCACGTCA
GCTACAGGTC,TTATGCAGGA
GTCGACTCCT,TGCCGTTAGC
CGAGTTCGCA,CCGGATTATG
TCCTACGTGC,TAGGTGCTAT
AGTGGTAGCA,TGGTGTTGAC
TATCCAGTTC,TGAGCTACGT
TTCGTTCACA,CTGATTAGTG
CTCATTCTGC,TTGAAGCGGT
GCATAGCCAA,TGGTTCCTGG
GCGATGCAGA,TCTTCGTGTA
TCGGAGACCT,AAGGTTACTC
GTCTTCTCGA,TGGTGCCAAC
AGGTCTATGG,CCGTGAGAAC
ACCTCATTGA,TATCCGATCT
CGTGGCAGAA,TCTTCCGATG
CAACAGGTAG,GACGATAGTG
ACGACAATGA,AACGCGGTAG
CCAACCGTTC,CATCTCTTGC
TGTCTTCATC,ATTCACGCTA
CGGAGATACG,CAGACCTACG
CTGGACCATC,CGATGTTGAT
AAGCGGTGAA,AACCTAGACG
ATAGCTCTAG,CGCTGTAGGA
GTTGGAATCT,TGACCGCTTC
CTGCAGATCG,GTGGACTGTC
CCACATCATA,TTGTGCTTGG
ACAACGAATC,GACTGTACGG
CTTCTCAGAG,TGACGCTTAG
GCCTTAACGA,GATGTCGGTC
CGACGTACAC,TTATCGACCT
ACTGTCGACG,TTGTAGGAAG
CAGCACTACG,TTCTGTGGCG
GTAGATCCGG,TTGTTCGGAG
GCGGTTGATA,GCTGTATCTT
AGCATGTAAC,TAGTTCAGCT
ACACCGCTTA,TGCCTAGTAA
ACCGACTGCT,GAGTGTAGCG
CGATGATAGC,TAGCCGTGAT
AGATCGCTCG,TGAGCGTTAT
GTTGCCTGAC,CGGTTGCCAA
ATGTAGACCT,CTGTCTTGCA
GCGATGACTA,CCGATTCTAA
TGTGCGCATC,TAGTCCGTTC
CAGGACCAAT,GCGGATATTA
TCCGCGAGTA,CGCTGAATGC
AATACACGGA,GCTGGTTAAT
GTACCATGTC,TGGAATAGTG
TCGTCCGCAT,CTACAATCCA
GATCACGGTT,GCGATCCGTT
CCATTCTGTA,AGGTCTCGTC
AGTGGACTGG,TAGCGGTTCT
TACAGAGCAA,AGGAATGATC
TTGGCAGATG,CGTTAATGAG
GTAATGCGGC,CGAATTCAAG
CGTCAGTACG,GAGAACACGG
ATTCCACACT,TGGTCTTGTT
AGTTAGCTGG,GATGAGAATG
TGCCACTGTA,CAGCAGGTCA
GAACTGAGCG,CGCTCCACGA
AGGTCAGATA,TATCTTGTAG
CGACATCCGA,AATGAACGTA
ATTCCATAAG,CCACCAGGCA
CACAATAGGA,CTCGGATGGA
AACATCGCGC,ACAAGTGGAC
CTAGTGCTCT,TACTGTTCCA
GATCAAGGCA,ATTAACAAGG
GACTGAGTAG,CACTATCAAC
AGTCAGACGA,TGTCGCTGGT
CCGTATGTTC,ACAGTGTATG
GAGTCATAGG,AGCGCCACAC
CTTGCCATTA,CCTTCGTGAT
GAAGCGGCAC,AGTAGAGCCG
TCCATTGCCG,TCGTGCATTC
CGGTTACGGC,CTATAGTCTT
GAGAATGGTT,TTGCTGCCGA
AGAGGCAACC,CCATCATTAG
CCATCATTAG,AGAGGCAACC
GATAGGCCGA,GCCATGTGCG
ATGGTTGACT,AGGACAGGCC
TATTGCGCTC,CCTAACACAG
ACGCCTTGTT,ACGTTCCTTA
TTCTACATAC,TTACAGTTAG
AACCATAGAA,CCATCTCGCC
GGTTGCGAGG,TTGCTCTATT
TAAGCATCCA,AATGGATTGA
ACCACGACAT,CCGCATACGA
GCCGCACTCT,CGAGGTCGGA
CCACCAGGCA,ATTCCATAAG
GTGACACGCA,GTCCGTAAGC
ACAGTGTATG,CCGTATGTTC
TGATTATACG,TGTAATCGAC
CAGCCGCGTA,CACGGCTAGT
GGTAACTCGC,TCACCAACTT
ACCGGCCGTA,AATATTGCCA
TGTAATCGAC,CGCGGTGATC
GTGCAGACAG,ACGGATGGTA
CAATCGGCTG,TTCCTACAGC
TATGTAGTCA,CATTAGTGCG
ACTCGGCAAT,TTCAGTTGTC
GTCTAATGGC,CCTGACCACT
CCATCTCGCC,AACCATAGAA
CTGCGAGCCA,TGGCCGGATT
CGTTATTCTA,AACCTTATGG
GCAACATGGA,TTAAGACAAG
GTCCTGGATA,TTCGCCACCG
CAGTGGCACT,CCTATTGTTA
AGTGTTGCAC,CGTGTACCAG
GACACCATGT,TACACGTTGA
CCTGTCTGTC,TCACAACAGT
TGATGTAAGA,AAGGACGCAC
TAGTTCGGTA,CTACACATGG
CTATTACTAC,GGAGAGACTC
TAGCATAACC,TGCGCATAGC
ACTCTATTGT,CATATGCGAT
TCTATCCTAA,CCAGTCGACG
CTCGCTTCGG,TTGACTAGTA
CTGTTGGTCC,AACGGTCTAT
TTACCTGGAA,CTGGAACTGT
TGGCTAATCA,CTACATGCCT
AACACTGTTA,TGAGACTTGC
ATTGCGCGGT,GCGGAGCCAA
TGGCGCGAAC,AGTATCAGTT
TAATGTGTCT,TATGCCTTAC
ATACCAACGC,CGCAGCAATT
AGGATGTGCT,GGAATTGTAA
CACGGAACAA,GTGCTAGGTT
CCAAGGCCTT,AGTACTTCGA
TTACTCCACA,CATCGGTGTC
AGTAGAAGTG,TCGACGCTAG
TACGAGTCCA,TGCTTCGCTA
TCTCATGATA,TCCACGTGTT
CGAGGCCAAG,CCGGTAACAC
TTCACGAGAC,GTAACAATCT
GCGTGGATGG,CATTGGTCAA
TCTGGTATCC,GTAAGCAACG
CATTAGTGCG,TATGTAGTCA
ACGGTCAGGA,AACGAGGCCG
GGCAAGCCAG,CGGATGCTTG
TGTCGCTGGT,AGTCAGACGA
ACCGTTACAA,TCGCTATGAG
TATGCCTTAC,TAATGTGTCT
ACTGGATCTA,CTAGCGGCGA
TGGTACCTAA,AGTACTCATG
TTGGAATTCC,GTATTGACGT
CCTCTACATG,AGGAGGTATC
GGAGCGTGTA,ACTTACGGAT
GTCCGTAAGC,AAGATACACG
ACTTCAAGCG,TTCATGGTTC
TCAGAAGGCG,TATGATGGCC
GCGTTGGTAT,GGAAGTATGT
ACATATCCAG,ATTGCACATA
TCATAGATTG,CACCTTAATC
GTATTCCACC,TTGTCTACAT
CCTCCGTCCA,CACCGATGTG
TGCCGGTCAG,TTGTATCAGG
CACTCAATTC,CACAACTTAA
TCTCACACGC,TCACTGTCCG
TCAATGGAGA,GTTGTAGTGC
ATATGCATGT,CCAGGCACCA
CTAGCTTCAA,AGCTTACACA
TCCGTTATGT,TACACTACAA
GGTCTATTAA,CGTGTCGTGG
CAGCAATCGT,ATACATCACA
TTCTGTAGAA,TATTGCGCTC
GAACGCAATA,ACAGTAAGAT
AGTACTCATG,ACCACGACAT
GGTAGAATTA,TGATGGCTAC
TAATTAGCGT,TTCTTAACCA
ATTAACAAGG,ACGAACAACA
TGATGGCTAC,ATGTTGTTGG
GAATTACAAG,CTGAGCCGGT
TAGAATTGGA,TCAGATTAAC
AGGCAGCTCT,ACGTTAGCCG
ATCGGCGAAG,AATTCTTGGA
CCGTGACCGA,CAACGTTCGG
ATACTTGTTC,TCGGCGGTTA
TCCGCCAATT,CAGCACGGAG
AGGACAGGCC,AGCTGGAATG
AGAGAACCTA,TAGCATAACC
GATATTGTGT,ACCGTGTGGT
CGTACAGGAA,AGAGAACCTA
CTGCGTTACC,TCGAGCCATA
AGGCCGTGGA,AACGCACGAG
AGGAGGTATC,TGCCAACTGG
GCTGACGTTG,AATGCGAACA
CTAATAACCG,CGATGCGGTT
TCTAGGCGCG,TTAACCTTCG
ATAGCCAAGA,CAGTGGCACT
TTCGGTGTGA,ATACTTGTTC
ATGTAACGTT,CAGCAATCGT
AACGAGGCCG,ATCCAGGTAT
TGGTGTTATG,TAGAATTGGA
TGGCCTCTGT,CGCTGTCTCA
CCAGGCACCA,TAATTAGCGT
CCGGTTCCTA,CTCGAATATA
GGCCAATATT,TATCGGACCG
GAATACCTAT,ACTCTATTGT
TACGTGAAGG,CTAATAACCG
CTTATTGGCC,ACTTGTTATC
ACAACTACTG,TGTGATAACT
GTTGGATGAA,TTACCTGGAA
AATCCAATTG,CCTCTACATG
GTGCTAGGTT,GCAATATTCA
ACAGCGACCA,AGAGCTCCTG
TCCACACAGA,CATCCGACAA
AAGTGTTAGG,CGGAACTAGC
GATTCTGAAT,GTCCACCGCT
TAGAGAATAC,CGAATCTATA
TTGTATCAGG,TGGCCTCTGT
CACAGCGGTC,CAATAGGAAT
CCACGCTGAA,CTGAGGAATA
GTTCGGAGTT,TCAGAAGGCG
ATGTCGTATT,CCAGCAAGAA
GCAATATTCA,AATTGGCGCC
CTAGATTGCG,CGCCATATCT
CGATGCGGTT,ACCAAGCAGG
TCCGGACTAG,ATTGTTCGTC
GTGACGGAGC,TGGACCGCCA
AATTCCATCT,GTAACTGAAG
TTAACGGTGT,ACGGTCAGGA
ACTTGTTATC,TCTAGGCGCG
CGTGTACCAG,AACTTATCCT
TTAACCTTCG,TGTCTGGCCT
CATATGCGAT,CCGTTCAAGG
AGCCTATGAT,GTAGGTGGTG
TATGACAATC,ATACAAGCAA
ATGTTGTTGG,TCATAGATTG
GCACCACCAA,ATCAGTACCA
AGGCGTTCGC,GTTGGATGAA
CCTCCGGTTG,TGGTGTTATG
GTCCACCGCT,GCTAATAGGA
ATTGTTCGTC,AATCTAGAGA
GGACCAGTGG,TAGGCTCGCG
CCTTCTAACA,AGAGCTTATC
CTCGAATATA,TCGACATCTC
GATCGTCGCG,ACATATCCAG
CCGACCTGTC,GTTATGAGCA
CGCTGTCTCA,GGTGAGTAAT
AATGCGAACA,TCCGCCAATT
AATTCTTGGA,AAGTTGACAA
TTCCTACAGC,AGAATTCGCC
ATCCAGGTAT,GCTGACGTTG
ACGGTCCAAC,TGATGTAAGA
GTAACTTGGT,AGGTATGGCG
AGCGCCACAC,AAGACATTAG
TGCTACTGCC,CCTCCGGTTG
CAACACCGCA,TGCTACTGCC
CACCTTAATC,TCTATCCTAA
TTGAATGTTG,CTAGATTGCG
CCGGTAACAC,AGTACAACTC
ATCGTTACGG,CTTCCGGAGC
TCCTACGTCA,CACTTAAGTA
GTTATATCGC,TCCTTGTCTT
GTTGGCCATC,ACGAATGTCA
TCCTGGTTGT,TGCCGGTCAG
TAATTCTGCT,ATTGATGAGA
CGCACGACTG,CTGTTGGTCC
GAGGTTAGAC,GCAATACATT
AACCGAGTTC,TCCAGAGATC
TGTGATAACT,ATGGCGCCTG
AGTATGCTAC,GGTCTATTAA
GTAACTGAAG,TCGCGACTCC
TCCTCGGACT,CTCTGGCGTT
CTGGAACTGT,GTTAATTACG
GAATATGCGG,TCAGTCTCGT
GATCGGATAA,CGGCCGATAC
GCTAGACTAT,ATGTCGTATT
AGCTACTATA,GCCATATAAC
CCACCGGAGT,CATGGCAGGC
CTTACCGCAC,ATAGGTCTTA
TTAGGATATC,CCATGGTATA
TTATACGCGA,AACAGACGGC
CGCTTAGAAT,TATCACTCTG
CCGAAGCGCT,ATAGTTAGCA
CACTATCAAC,CATTAACTGA
CATCTACGTA,CTCAATTACA
TTACAGTTAG,ATATGCATGT
CTAAGTACGC,TAGGTATGTT
CTAGAGCGCA,TGCTAGAAGC
TCGATCACGC,AGGCTCTATG
AACCTGGCTC,AACATACTCA
TTATGGAAGT,TGTTATTGTC
TAGTGGAAGC,TATAGGTACT
CGCCATATCT,ATCTCCGGTC
GCAGCCTCAA,CTAGCACTTA
ACTAGCGCTA,GAGGAAGTAA
GCTCTTAACT,GGTGGACGTG
GTGGTATCTG,AGATAGTAGC
TGACGGCCGT,ATGGTTGACT
CAGTAATTAC,TACCGCCTCG
TACAAGACTT,TGAACACCTG
CTGTGGTGAC,CCTGTCTGTC
CTCCACTAAT,AACAAGTACA
ATAGTTAGCA,CTACTTAGAG
ATAGGTCTTA,CTGTGGTGAC
TTCTTAACCA,GGTATGTAGA
AAGGAAGAGT,GCCTAACGTG
GGAAGGAGAC,AGACTCACCA
TGAACGCGGA,TCCTTCGAAG
AAGAGAGTCT,AAGATTCGTA
TTCATGGTTC,TGACAATGTC
CTCTCGGCTA,AGATCTGGTA
CACTAGACCA,ATAAGGCAGT
ATTATCCACT,TACGTGCGTA
ATGGCGTGCC,ACTTCAAGCG
TCCAGAGATC,TGAAGTGCAG
ATGTCCAGCA,TTGTCCGCTG
CAACGTTCGG,ATGCGGATCC
GCGTATTAAT,CAACACCGCA
CCGAATCTGG,CTTGATTCAT
TCTCAATACC,CGCGAACGTC
AAGCATCTTG,TTGTTGAATG
TCAGTCTCGT,ATAATCCGTG
GTATAGAACA,TCCTGTGACA
GTAACAATCT,GTATACAGAG
CCATGGTATA,CTCCGCGAGA
TCATACCGTT,CTGCGTTACC
GGCGCCATTG,ATTGCGCGGT
AGCGAATTAG,TGTTCCGGCT
TTAGACCATG,CTTCCTAGGA
CACACAGTAT,TTAGGCTCAA
TCTTGTCGGC,ACACAGGTGG
CTAACCGAGA,CGCGCATCGA
AGTGTCTAGG,TGCTTCTAGG
GAGGAGCTTC,TGTATACGTC
TCATCTACTA,AAGTCGCCTA
GTAGGCGAGC,TGCGCTCCTA
AACTTATCCT,ACGCCAGTAC
ATTATGTCTC,GCTCTTAACT
TATAACAGCT,TTATACGCGA
CCAATGATAC,CGGCACACTC
GAGGCCTATT,TCCGGACTAG
AGCTAAGCGG,GCGTATTAAT
CTTCCTAGGA,ATACTCTAGG
CGATCTGTGA,AGTCTTCCTA
GTGGACAAGT,AAGGCCACGG
AACAAGTACA,GGATATATCC
AGATTAAGTG,CCAAGAGGTG
TATCACTCTG,ATGTAACGTT
AGAATTCGCC,GAGCTTGCCG
CCTGACCACT,ATAGCCAAGA
AGCTGGAATG,CGCATTCCGT
CCTTGGCATC,CGAATCGGTC
TATAGGTACT,ATCTCACCTA
CAAGTCTACA,CACGTACGTG
GAGAAGAGGA,GTTAGGTCAA
AGATAGTAGC,ATGGCGTGCC
ATTAGAAGAC,TCCAGCCTGC
GCTCGCACAT,ATTAAGCCAT
AATATTGCCA,GGTGTCACCG
TCGTGCATTC,ATACCAACGC
AAGATACACG,TGTTAGCACA
TGCAATGAAT,TTACTTCTGG
CTATGAAGGA,CAGGTATAAG
GAAGACTAGA,AAGTTCTAGT
CCAGGTTATC,AACTGCATTC
TTCACTCACT,TCTCATGATA
GGTCCGCTTC,CTTGTGTGAG
TAGTGGCTTG,CCAAGTAACT
ATTGAGGTCC,ATATAATCCG
GGAGAGACTC,TCTGCTTCAA
CCGCTCCGTT,CTTCGCCGTA
ATACATCACA,TCAATGGAGA
TAGGTATGTT,CTTGGTCTCG
CACCTAGCAC,ATGTCCAGCA
TTCAAGTATG,CGATACCATC
TTAAGACAAG,CAATTAAGCC
CACCTCTCTT,AGGAGTCGAG
TTCTCGTGCA,CTCTGTGTAT
GCTAGGAAGT,TCGTCCGAGA
TTAATAGCAC,CAGACGTGGT
CATTCACGCT,TGAGTACAAC
GGCACTAAGG,GTTGACCTGA
ATTCGGTACA,TCCTCGGACT
ACTAATCTCC,AGATTAAGTG
TGTGTTAGTA,TAACAGAGTA
CAACGACCTA,ATCGAGTCGC
CGGTCGGCAT,CCTTGCCTAG
GTAACTCCGC,CCGTTCTATT
CTCGTAGGCA,AAGAGGATGA
AAGTTCTAGT,TTATCTTACC
CCAAGAGGTG,CTGGCTCGTT
ATATCTGCTT,AGATTGTCTA
TGGATCTGGC,TTCAGCATTG
TTGAATCCAA,ACACCGTGAC
CACGGCTAGT,CTTGTACACC
GAGCTTGCCG,CCTGCAACCT
AGCTAGCTTC,CTCCGTATTA
CAATCCTTGT,TGCGTCTTCG
CACCTGTTGC,ATGTGTCAAT
CGTCACCTTG,CAATCGGCTG
AATGACTGGT,ACGCGTGAGA
ATGATTCCGG,CACGTCAGAG
TTAGGCTCAA,TTCCATTCGA
TGTAAGGTGG,CCAAGGCCTT
CAACTGCAAC,GTTGCGTTCA
ACATGAGTGA,AGCTAAGCGG
GCAACCAGTC,TTCCTCGGTG
GAGCGACGAT,TGATTATACG
CGAACGCACC,GTTCTGTCAT
TCTTACGCCG,TGCAATGAAT
AGCTGATGTC,CAGGACATGA
CTGAATTAGT,CGATCGAATT
TAAGGAGGAA,AATGTCGGAA
AGCTTACACA,GGTCGTGCCA
AACCAGCCAC,GTGCTGTGGC
CTTAAGTCGA,ACAACTACTG
GCCTAACGTG,CTTGAGAGCT
ACTTACTTCA,TAATTCCAGA
CGCATTCCGT,CTCCACTAAT
GATATCACAC,ACATATAGTC
AGCGCTGTGT,GTTCCGAACG
TCACCGCGCT,CTAGTATCGA
GATAGCCTTG,CATTGTGGTA
CCTGGACGCA,TGGTATACCA
TTACGCACCT,CAACGAGAGC
TCGTTGCTGC,TTCACGAGAC
CGACAAGGAT,AGGTGGCCTT
GTGTACCTTC,TAGCTCACAG
ACCTGGCCAA,CGATCTGTGA
TGTCTGGCCT,ATTGGCTTCT
AGTTAATGCT,CGGCTGCAGT
GGTGAGTAAT,ACTAGATGTT
TACTCTGCGC,CATAGTAAGG
AGGTATGGCG,GTCTCGCCAC
TCCAGCCTGC,TGGATCTGGC
GATGAATTCA,AATCACAGCA
ATCCGGCAGC,TTATTCGATC
ACGAACCATG,GTAATTCAGT
CAACCAAGTA,GCGTGGATGG
GTTGCGTTCA,CAACTGCAAC
CTTCAACCAC,AGGCGCATAA
TCTATTCAGT,TGTACTGAGA
CAAGACGTCC,TCCGTATACT
TGAGTACAAC,GTCCAAGCGT
CCGCGGTTCT,AATCTACTCC
ATTGATACTG,GGAGCGTGTA
GGATTATGGA,CTCTATCGGA
TGGTTCTCAT,CGGCCTTGAG
TCAACCACGA,TATGAACTTG
TATGAACTTG,CCTAAGGATT
AGTGGTTAAG,GTATTCCACC