i7;i5;Collision;Min Distance;Closest Index;Second Closest Index
CAGCAGGTCA;CACTTAGGTA;False;6;TCCTACGTCACACTTAAGTA;CCAGTCGTCACGCTAGGCTA
AGGTAACAAC;GCACGATGCT;False;10;CTACAAGTTCGCACCATGAA;CTGGACCATCCGATGTTGAT
TCCAACTGAA;TGTCCGTAGG;False;9;TTCTACCGGCTACTCGTAAG;TGCTACTGCCCCTCCGGTTG
TCGCGACACT;CGAGTAATGT;False;8;TCACCGCGCTCTAGTATCGA;TAGAAGATCGCGACCAGTGT
TGGAGATCGA;CAGCGGTATG;False;8;CGGAGATACGCAGACCTACG;CCGTGACCGACAACGTTCGG
CCACAGCCTT;GCTATTGAAG;False;9;TGACACGATTGCCTAGGAAG;CCAAGGCCTTAGTACTTCGA
ACCGAATAGA;TCAGCATCCG;False;7;CTCGAATATATCGACATCTC;TAGGTCCAGATGCTCATCCG
TTACTTCGTG;AAGATCGGAT;False;9;GTAGATCCGGTTGTTCGGAG;ATTGTTCGTCAATCTAGAGA
GCCAGCTATC;TTGTTCGTGT;False;9;AGCATGTAACTAGTTCAGCT;GCTAGGAAGTTCGTCCGAGA
CTAACCTCAA;TCACAGTTGC;False;8;TTAGGCTCAATTCCATTCGA;TTGAATCCAAACACCGTGAC
ACGAGACGTC;CGGTCTCTCT;False;8;CCAAGAGGTGCTGGCTCGTT;ATGACAGCACCGCTTGTTAT
ACTCCGAAGC;TCCGTGTTGC;False;9;AATCTGCAGTTGCGAAGTGA;ACTTCAAGCGTTCATGGTTC
AATCTGCAGT;TGCGAAGTGA;False;9;ACTCCGAAGCTCCGTGTTGC;ACACCGCTTATGCCTAGTAA
CGCCAAGGTA;GATAGTGTTC;False;10;CCTCGTTGGAGACTGCGTTA;AGTACAACTGCATTGAGTTC
CGAGCGTAGT;TGCTCACGCA;False;8;CTAGCTTCAAAGCTTACACA;TAGGTCCAGATGCTCATCCG
GACTCATCCA;GAACCAAGCG;False;9;ACCTCATTGATATCCGATCT;GATGAATTCAAATCACAGCA
CCTAAGCTGA;CGTCGCATCT;False;9;AGTCAGACGATGTCGCTGGT;ACCTCATTGATATCCGATCT
ACTTCCGGCA;GACCAATTGT;False;9;ACCTTCGGACGACCGTAGAT;ACTAGCGCTAGAGGAAGTAA
AAGCGCTTAG;TGTCTGTGAC;False;10;TTAACCTTCGTGTCTGGCCT;GATCGGATAACGGCCGATAC
AACAACACAG;GAACATTGGC;False;8;AACCAGCCACGTGCTGTGGC;GATATCACACACATATAGTC
AGACTAGATG;CGTAACACTA;False;9;TGTCTTCATCATTCACGCTA;GAACTGAGCGCGCTCCACGA
CTCCGCCATA;GCGTTCAGCA;False;10;GTACGCATCGGAGTTGTTCA;GAACGCAATAACAGTAAGAT
TGACACGATT;GCCTAGGAAG;False;8;CGATGCGGTTACCAAGCAGG;CCACAGCCTTGCTATTGAAG
ATGACAGCAC;CGCTTGTTAT;False;9;AGGACAGGCCAGCTGGAATG;GTTATATCGCTCCTTGTCTT
CCTCCTGTGA;CACGTCTACG;False;8;CTTCCTAGGAATACTCTAGG;CAGCCGCGTACACGGCTAGT
AGAACTAACG;TTATCGAGAG;False;8;GTAACAATCTGTATACAGAG;CGACGTACACTTATCGACCT
CCGATAGTAG;GAGTTGCATA;False;9;TGGACAATAGGAGTCCTGTG;AAGAGAGTCTAAGATTCGTA
CCTCGTTGGA;GACTGCGTTA;False;8;CCAGGTTATCAACTGCATTC;CCTATGTGTATAGTGAGTCG
AATAGGTAGG;TGGCTTATGG;False;8;AGGAGGTATCTGCCAACTGG;AGTGTCTAGGTGCTTCTAGG
CCAGTCGTCA;CGCTAGGCTA;False;9;CAGCAGGTCACACTTAGGTA;
TTCCTTGAGG;TAAGACAGCA;False;9;GTCCTGGATATTCGCCACCG;TTGCAATGCGCGAGACTTCA
TAGAAGATCG;CGACCAGTGT;False;10;TCGCGACACTCGAGTAATGT;TAGCATAACCTGCGCATAGC
TAGGAAGCGG;CCAATCCAGG;False;9;GAATATGCGGTCAGTCTCGT;AAGAGCTCGCCCAATAGATC
CGGCATATAC;ATGAGCTGGA;False;9;CTGCAGATCGGTGGACTGTC;CGCCATATCTATCTCCGGTC
CAAGGATCGA;GCAGACACAA;False;10;ACTGGATCTACTAGCGGCGA;ATATGCATGTCCAGGCACCA
AAGAGCTCGC;CCAATAGATC;False;8;AACATCGCGCACAAGTGGAC;TAGAGAATACCGAATCTATA
CCTATGTGTA;TAGTGAGTCG;False;9;CCTCGTTGGAGACTGCGTTA;CATTAGTGCGTATGTAGTCA
TTGGATTGTC;CGGCTGTTAG;False;9;GTTGCCTGACCGGTTGCCAA;ATGACAGCACCGCTTGTTAT
TCAATACGTG;GCTGCTAATA;False;8;CCATCACGTGTCTCCTGGTT;CCAAGAGGTGCTGGCTCGTT
TTACGGACGC;ATTGGCCAGC;False;9;TGACGGCCGTATGGTTGACT;TTACGCACCTCAACGAGAGC
AGGAGACCAC;TACCACGTAG;False;7;AGGATACGGTAACCACGTCA;CGCACATTACTGGAACGTAG
AACGCGACTG;GACCTACGAG;False;9;CAATCGGCTGTTCCTACAGC;ACCGTTACAATCGCTATGAG
TCAATCTAGC;TCCGAATAAG;False;9;TAGAATTGGATCAGATTAAC;TCAACCACGATATGAACTTG
GCGGAGTCAA;CTCTATAGCT;False;10;ATGTAGACCTCTGTCTTGCA;CTAGATTGCGCGCCATATCT
GATGCTAGAA;TGGATGCCAG;False;7;GTTGCCTGACCGGTTGCCAA;AATTCTTGGAAAGTTGACAA
ACGATGGTTA;AATTGCTAGG;False;10;CCTATGTGTATAGTGAGTCG;CCAACCGTTCCATCTCTTGC
AGTACAACTG;CATTGAGTTC;False;8;CGCACGACTGCTGTTGGTCC;TCTACAGCTAAATGGAAGAC
GTACGCATCG;GAGTTGTTCA;False;10;CTCCGCCATAGCGTTCAGCA;GTTCTCATCACCTCCATTCT
ACTTCCGTTC;CAATTCCGTG;False;8;ACTTACTTCATAATTCCAGA;CCAACCGTTCCATCTCTTGC
CCACCTGCTT;TGTTACCGTC;False;9;CCACCGGAGTCATGGCAGGC;ATAGCCGGTTTCTTATCCGG
CTTACTCTCT;CTGCTTAAGG;False;8;GTTAGTGCCTCTGCATAGCA;CATATGCGATCCGTTCAAGG
CTACAAGTTC;GCACCATGAA;False;9;GTGCTAGGTTGCAATATTCA;AGGTAACAACGCACGATGCT
AACCTGATCT;ATTCCGTCCG;False;9;AGCGCTGTGTGTTCCGAACG;GTTCTCATCACCTCCATTCT
TCTGACTATG;TAACCAGATC;False;9;TGTGCGCATCTAGTCCGTTC;CCTGTCTGTCTCACAACAGT
AGAAGATTGG;AGAAGGTACT;False;8;AGTGGACTGGTAGCGGTTCT;CCATCATTAGAGAGGCAACC
GCGCCATATA;GAACCTCCTA;False;10;GACTCATCCAGAACCAAGCG;GCATTCCTTCGAGCCTGCTT
CCATCACGTG;TCTCCTGGTT;False;8;TCAATACGTGGCTGCTAATA;CCAAGAGGTGCTGGCTCGTT
ATAGCCGGTT;TCTTATCCGG;False;9;CGATGCGGTTACCAAGCAGG;CCACCTGCTTTGTTACCGTC
GTTCTCATCA;CCTCCATTCT;False;8;CTTGCCATTACCTTCGTGAT;GAGCTTGCCGCCTGCAACCT
CCTACTCTGC;TGCAATTGGC;False;7;TCCAGCCTGCTGGATCTGGC;CTCATTCTGCTTGAAGCGGT
TCGCTGAGAG;AATGCTCTAG;False;9;AGGCCGTGGAAACGCACGAG;ACGACAATGAAACGCGGTAG
TAGGTCCAGA;TGCTCATCCG;False;9;ACCGAATAGATCAGCATCCG;AGTGTCTAGGTGCTTCTAGG
GATAGGTGAA;AGACGCAAGA;False;7;GGAAGGAGACAGACTCACCA;AATAGGTAGGTGGCTTATGG
TTGTGAGAAG;TTCACTGGCT;False;10;CAGCACTACGTTCTGTGGCG;TGGTGTTATGTAGAATTGGA
CGGATCATTA;CCGTAACCTT;False;10;CCAGTCGTCACGCTAGGCTA;GCGATGACTACCGATTCTAA
GATAGATCAG;CGTACGCCAT;False;8;GCTCGCACATATTAAGCCAT;GATGCTAGAATGGATGCCAG
TCTACAGCTA;AATGGAAGAC;False;9;AGTACAACTGCATTGAGTTC;TAAGCATCCAAATGGATTGA
CGCACATTAC;TGGAACGTAG;False;8;AGGAGACCACTACCACGTAG;CACTCAATTCCACAACTTAA
ATAGAGTTCG;GCATAACGGC;False;9;ATTGAGGTCCATATAATCCG;CTGCAGATCGGTGGACTGTC
GCATTCCTTC;GAGCCTGCTT;False;8;GTATTCCACCTTGTCTACAT;CCATCACGTGTCTCCTGGTT
GTTAGTGCCT;CTGCATAGCA;False;8;CTTACTCTCTCTGCTTAAGG;ATGTAGACCTCTGTCTTGCA
GATTCTTAGC;TGCTAGCGGT;False;8;GATTCTGAATGTCCACCGCT;CCTACTCTGCTGCAATTGGC
GTAGGCCGTT;GCCACTGTCT;False;7;GTTGGCCATCACGAATGTCA;GCATTCCTTCGAGCCTGCTT
ACTGGCAAGA;TGTTGTCCAT;False;8;AGTGGTAGCATGGTGTTGAC;ATAGCCAAGACAGTGGCACT
ACAAGAACCT;CGATACTGAA;False;8;CTAATAACCGCGATGCGGTT;GTAACAATCTGTATACAGAG
ACTTAGATCG;CGGAATTCTT;False;9;AGCTGGAATGCGCATTCCGT;TCTTACGCCGTGCAATGAAT
ACCTTCGGAC;GACCGTAGAT;False;9;ACTTCCGGCAGACCAATTGT;ACCGACTGCTGAGTGTAGCG
TTCTACCGGC;TACTCGTAAG;False;8;TTCTACATACTTACAGTTAG;TCCAACTGAATGTCCGTAGG
TGACAAGAGG;AATCTGTTGG;False;10;AGGCTGGAGACAACTGTCAT;AGGTCAGATATATCTTGTAG
AGGCTGGAGA;CAACTGTCAT;False;10;TGACAAGAGGAATCTGTTGG;AGGTCAGATATATCTTGTAG
TAAGCCACGC;TTACGAACGA;False;8;TATGACAATCATACAAGCAA;TAATTAGCGTTTCTTAACCA
TTGCAATGCG;CGAGACTTCA;False;9;CTAGATTGCGCGCCATATCT;TTGAATGTTGCTAGATTGCG
AACCGGCCTT;TGTTCAGATC;False;8;AACCGAGTTCTCCAGAGATC;ATCCGGCAGCTTATTCGATC
AACCACACTA;CCTCTGCTGA;False;9;TGCCACTGTACAGCAGGTCA;AATCCAATTGCCTCTACATG
TGGACAATAG;GAGTCCTGTG;False;9;CCGATAGTAGGAGTTGCATA;CGGAGATACGCAGACCTACG
AGGATACGGT;AACCACGTCA;False;7;AGGAGACCACTACCACGTAG;ACGGTCAGGAAACGAGGCCG
GCTACAGGTC;TTATGCAGGA;False;9;GCAACCAGTCTTCCTCGGTG;GCCAGCTATCTTGTTCGTGT
GTCGACTCCT;TGCCGTTAGC;False;9;GTCTTCTCGATGGTGCCAAC;TTAGGCTCAATTCCATTCGA
CGAGTTCGCA;CCGGATTATG;False;8;CCGGTTCCTACTCGAATATA;TTCGTTCACACTGATTAGTG
TCCTACGTGC;TAGGTGCTAT;False;9;TTCTACCGGCTACTCGTAAG;TTCTACATACTTACAGTTAG
AGTGGTAGCA;TGGTGTTGAC;False;8;ACTGGCAAGATGTTGTCCAT;ATAGGTCTTACTGTGGTGAC
TATCCAGTTC;TGAGCTACGT;False;10;GCTACAGGTCTTATGCAGGA;AACACTGTTATGAGACTTGC
TTCGTTCACA;CTGATTAGTG;False;7;ATAGTTAGCACTACTTAGAG;CTTACTCTCTCTGCTTAAGG
CTCATTCTGC;TTGAAGCGGT;False;8;CCTACTCTGCTGCAATTGGC;TCCAGCCTGCTGGATCTGGC
GCATAGCCAA;TGGTTCCTGG;False;8;CCACATCATATTGTGCTTGG;GGCAAGCCAGCGGATGCTTG
GCGATGCAGA;TCTTCGTGTA;False;9;GCTAGGAAGTTCGTCCGAGA;TAGGTCCAGATGCTCATCCG
TCGGAGACCT;AAGGTTACTC;False;9;TCATAGATTGCACCTTAATC;ACAGCGACCAAGAGCTCCTG
GTCTTCTCGA;TGGTGCCAAC;False;9;GTCGACTCCTTGCCGTTAGC;GCATAGCCAATGGTTCCTGG
AGGTCTATGG;CCGTGAGAAC;False;9;AGTACAACTGCATTGAGTTC;GCGTGGATGGCATTGGTCAA
ACCTCATTGA;TATCCGATCT;False;8;TCCACACAGACATCCGACAA;GACTCATCCAGAACCAAGCG
CGTGGCAGAA;TCTTCCGATG;False;9;TTCTGTAGAATATTGCGCTC;ATGTCCAGCATTGTCCGCTG
CAACAGGTAG;GACGATAGTG;False;9;CAGCAGGTCACACTTAGGTA;
ACGACAATGA;AACGCGGTAG;False;7;ACGGTCAGGAAACGAGGCCG;AGGCCGTGGAAACGCACGAG
CCAACCGTTC;CATCTCTTGC;False;9;ACTTCCGTTCCAATTCCGTG;CCACCGGAGTCATGGCAGGC
TGTCTTCATC;ATTCACGCTA;False;8;TATGACAATCATACAAGCAA;AGACTAGATGCGTAACACTA
CGGAGATACG;CAGACCTACG;False;8;TGGAGATCGACAGCGGTATG;TGGACAATAGGAGTCCTGTG
CTGGACCATC;CGATGTTGAT;False;9;TTGGCAGATGCGTTAATGAG;CTTGCCATTACCTTCGTGAT
AAGCGGTGAA;AACCTAGACG;False;8;AGGCCGTGGAAACGCACGAG;GAGCGACGATTGATTATACG
ATAGCTCTAG;CGCTGTAGGA;False;9;GCCGCACTCTCGAGGTCGGA;TGGCCTCTGTCGCTGTCTCA
GTTGGAATCT;TGACCGCTTC;False;7;GGTAGAATTATGATGGCTAC;GATCGGATAACGGCCGATAC
CTGCAGATCG;GTGGACTGTC;False;8;GTGCAGACAGACGGATGGTA;CGGCATATACATGAGCTGGA
CCACATCATA;TTGTGCTTGG;False;8;GCATAGCCAATGGTTCCTGG;CAACCAAGTAGCGTGGATGG
ACAACGAATC;GACTGTACGG;False;10;ACGATGGTTAAATTGCTAGG;TCCGCGAGTACGCTGAATGC
CTTCTCAGAG;TGACGCTTAG;False;9;TTCTACATACTTACAGTTAG;CTTCCTAGGAATACTCTAGG
GCCTTAACGA;GATGTCGGTC;False;10;CACGGAACAAGTGCTAGGTT;TCAATGGAGAGTTGTAGTGC
CGACGTACAC;TTATCGACCT;False;9;AGAACTAACGTTATCGAGAG;CCAGGCACCATAATTAGCGT
ACTGTCGACG;TTGTAGGAAG;False;9;AGTGTCTAGGTGCTTCTAGG;TCTTACGCCGTGCAATGAAT
CAGCACTACG;TTCTGTGGCG;False;9;CAACACCGCATGCTACTGCC;CAGCAGGTCACACTTAGGTA
GTAGATCCGG;TTGTTCGGAG;False;9;TTACTTCGTGAAGATCGGAT;GCATAGCCAATGGTTCCTGG
GCGGTTGATA;GCTGTATCTT;False;9;CCGGTTCCTACTCGAATATA;GAGGTTAGACGCAATACATT
AGCATGTAAC;TAGTTCAGCT;False;9;GCCAGCTATCTTGTTCGTGT;AGCGAATTAGTGTTCCGGCT
ACACCGCTTA;TGCCTAGTAA;False;9;AATCTGCAGTTGCGAAGTGA;AGTATGCTACGGTCTATTAA
ACCGACTGCT;GAGTGTAGCG;False;9;ACCTTCGGACGACCGTAGAT;CAGCACTACGTTCTGTGGCG
CGATGATAGC;TAGCCGTGAT;False;8;AGATAGTAGCATGGCGTGCC;AGTGGACTGGTAGCGGTTCT
AGATCGCTCG;TGAGCGTTAT;False;9;AGAACTAACGTTATCGAGAG;CGCTGTCTCAGGTGAGTAAT
GTTGCCTGAC;CGGTTGCCAA;False;7;GATGCTAGAATGGATGCCAG;TTGGATTGTCCGGCTGTTAG
ATGTAGACCT;CTGTCTTGCA;False;9;GTTAGTGCCTCTGCATAGCA;GCGGAGTCAACTCTATAGCT
GCGATGACTA;CCGATTCTAA;False;10;CGGATCATTACCGTAACCTT;AACCACACTACCTCTGCTGA
TGTGCGCATC;TAGTCCGTTC;False;9;TCTGACTATGTAACCAGATC;AGTACAACTGCATTGAGTTC
CAGGACCAAT;GCGGATATTA;False;9;CAGTGGCACTCCTATTGTTA;CAACAGGTAGGACGATAGTG
TCCGCGAGTA;CGCTGAATGC;False;9;TTCTCGTGCACTCTGTGTAT;ACAACGAATCGACTGTACGG
AATACACGGA;GCTGGTTAAT;False;9;TAGAATTGGATCAGATTAAC;TCAATACGTGGCTGCTAATA
GTACCATGTC;TGGAATAGTG;False;8;GTAACTTGGTAGGTATGGCG;CGCACATTACTGGAACGTAG
TCGTCCGCAT;CTACAATCCA;False;9;GCGTATTAATCAACACCGCA;TCACCGCGCTCTAGTATCGA
GATCACGGTT;GCGATCCGTT;False;9;TATCACTCTGATGTAACGTT;GAGAATGGTTTTGCTGCCGA
CCATTCTGTA;AGGTCTCGTC;False;9;CTCTCGGCTAAGATCTGGTA;TCATCTACTAAAGTCGCCTA
AGTGGACTGG;TAGCGGTTCT;False;8;AGAAGATTGGAGAAGGTACT;ACCTCATTGATATCCGATCT
TACAGAGCAA;AGGAATGATC;False;10;AACATCGCGCACAAGTGGAC;GACTGAGTAGCACTATCAAC
TTGGCAGATG;CGTTAATGAG;False;9;CTGGACCATCCGATGTTGAT;TATGTAGTCACATTAGTGCG
GTAATGCGGC;CGAATTCAAG;False;9;GCAACATGGATTAAGACAAG;TTCCTACAGCAGAATTCGCC
CGTCAGTACG;GAGAACACGG;False;9;CGGAGATACGCAGACCTACG;CAACAGGTAGGACGATAGTG
ATTCCACACT;TGGTCTTGTT;False;9;ACTCGGCAATTTCAGTTGTC;AGTGGTAGCATGGTGTTGAC
AGTTAGCTGG;GATGAGAATG;False;9;CAACAGGTAGGACGATAGTG;ATGTTGTTGGTCATAGATTG
TGCCACTGTA;CAGCAGGTCA;False;8;TGCTACTGCCCCTCCGGTTG;AACCACACTACCTCTGCTGA
GAACTGAGCG;CGCTCCACGA;False;10;AGACTAGATGCGTAACACTA;GGAAGGAGACAGACTCACCA
AGGTCAGATA;TATCTTGTAG;False;9;AGGAGACCACTACCACGTAG;CGCCAAGGTAGATAGTGTTC
CGACATCCGA;AATGAACGTA;False;8;ACATATCCAGATTGCACATA;CGATCTGTGAAGTCTTCCTA
ATTCCATAAG;CCACCAGGCA;False;8;ATGTCGTATTCCAGCAAGAA;GTTGGATGAATTACCTGGAA
CACAATAGGA;CTCGGATGGA;False;9;CTAACCGAGACGCGCATCGA;GAGAAGAGGAGTTAGGTCAA
AACATCGCGC;ACAAGTGGAC;False;8;AAGAGCTCGCCCAATAGATC;GATATCACACACATATAGTC
CTAGTGCTCT;TACTGTTCCA;False;9;GTATAGAACATCCTGTGACA;CGAGCGTAGTTGCTCACGCA
GATCAAGGCA;ATTAACAAGG;False;8;GATGAATTCAAATCACAGCA;CCACCAGGCAATTCCATAAG
GACTGAGTAG;CACTATCAAC;False;10;TACAGAGCAAAGGAATGATC;CACTCAATTCCACAACTTAA
AGTCAGACGA;TGTCGCTGGT;False;9;CCTAAGCTGACGTCGCATCT;ACTGGCAAGATGTTGTCCAT
CCGTATGTTC;ACAGTGTATG;False;10;CCTCCTGTGACACGTCTACG;ACTTCCGTTCCAATTCCGTG
GAGTCATAGG;AGCGCCACAC;False;9;CCATCATTAGAGAGGCAACC;AAGTGTTAGGCGGAACTAGC
CTTGCCATTA;CCTTCGTGAT;False;8;GTTCTCATCACCTCCATTCT;CTGGACCATCCGATGTTGAT
GAAGCGGCAC;AGTAGAGCCG;False;10;AGTGTTGCACCGTGTACCAG;GTGACGGAGCTGGACCGCCA
TCCATTGCCG;TCGTGCATTC;False;10;CTTATTGGCCACTTGTTATC;GTAACTGAAGTCGCGACTCC
CGGTTACGGC;CTATAGTCTT;False;9;CTATTACTACGGAGAGACTC;CGGATCATTACCGTAACCTT
GAGAATGGTT;TTGCTGCCGA;False;9;TGCAATGAATTTACTTCTGG;GATGCTAGAATGGATGCCAG
AGAGGCAACC;CCATCATTAG;False;8;AGCGCCACACAAGACATTAG;AGAACTAACGTTATCGAGAG
CCATCATTAG;AGAGGCAACC;False;9;AGAAGATTGGAGAAGGTACT;GAGTCATAGGAGCGCCACAC
GATAGGCCGA;GCCATGTGCG;False;9;GATATTGTGTACCGTGTGGT;GCGATGCAGATCTTCGTGTA
ATGGTTGACT;AGGACAGGCC;False;10;GTGACGGAGCTGGACCGCCA;ATGGCGTGCCACTTCAAGCG
TATTGCGCTC;CCTAACACAG;False;9;TAGTTCGGTACTACACATGG;TACTCTGCGCCATAGTAAGG
ACGCCTTGTT;ACGTTCCTTA;False;10;CCTCGTTGGAGACTGCGTTA;CCACCTGCTTTGTTACCGTC
TTCTACATAC;TTACAGTTAG;False;8;TTCTACCGGCTACTCGTAAG;TCCTACGTGCTAGGTGCTAT
AACCATAGAA;CCATCTCGCC;False;10;AACAACACAGGAACATTGGC;AACCACACTACCTCTGCTGA
GGTTGCGAGG;TTGCTCTATT;False;9;AGTGTCTAGGTGCTTCTAGG;GCCAGCTATCTTGTTCGTGT
TAAGCATCCA;AATGGATTGA;False;9;TCTACAGCTAAATGGAAGAC;TAAGGAGGAAAATGTCGGAA
ACCACGACAT;CCGCATACGA;False;9;CCAATGATACCGGCACACTC;AACAACACAGGAACATTGGC
GCCGCACTCT;CGAGGTCGGA;False;9;ATAGCTCTAGCGCTGTAGGA;TCGCGACACTCGAGTAATGT
CCACCAGGCA;ATTCCATAAG;False;9;GATCAAGGCAATTAACAAGG;GCAACATGGATTAAGACAAG
GTGACACGCA;GTCCGTAAGC;False;9;CTTACTCTCTCTGCTTAAGG;GTCGACTCCTTGCCGTTAGC
ACAGTGTATG;CCGTATGTTC;False;10;ATAGAGTTCGGCATAACGGC;ACTGTCGACGTTGTAGGAAG
TGATTATACG;TGTAATCGAC;False;9;TCAGAAGGCGTATGATGGCC;TGGTGTTATGTAGAATTGGA
CAGCCGCGTA;CACGGCTAGT;False;9;CCTCCTGTGACACGTCTACG;CATCTACGTACTCAATTACA
GGTAACTCGC;TCACCAACTT;False;8;GTTATATCGCTCCTTGTCTT;CTTAAGTCGAACAACTACTG
ACCGGCCGTA;AATATTGCCA;False;9;ACGGTCAGGAAACGAGGCCG;ATTGTTCGTCAATCTAGAGA
TGTAATCGAC;CGCGGTGATC;False;10;CTTATTGGCCACTTGTTATC;TCTCAATACCCGCGAACGTC
GTGCAGACAG;ACGGATGGTA;False;8;CTGCAGATCGGTGGACTGTC;TCGGAGACCTAAGGTTACTC
CAATCGGCTG;TTCCTACAGC;False;9;AACGCGACTGGACCTACGAG;TCATAGATTGCACCTTAATC
TATGTAGTCA;CATTAGTGCG;False;8;GATGAATTCAAATCACAGCA;TTGGCAGATGCGTTAATGAG
ACTCGGCAAT;TTCAGTTGTC;False;9;ATTCCACACTTGGTCTTGTT;ACTCCGAAGCTCCGTGTTGC
GTCTAATGGC;CCTGACCACT;False;8;GCCTAACGTGCTTGAGAGCT;TTGCAATGCGCGAGACTTCA
CCATCTCGCC;AACCATAGAA;False;9;ACCTTCGGACGACCGTAGAT;CCATCACGTGTCTCCTGGTT
CTGCGAGCCA;TGGCCGGATT;False;9;ATTCGGTACATCCTCGGACT;TGGAGATCGACAGCGGTATG
CGTTATTCTA;AACCTTATGG;False;10;AGGTCAGATATATCTTGTAG;CTTAAGTCGAACAACTACTG
GCAACATGGA;TTAAGACAAG;False;9;GTAATGCGGCCGAATTCAAG;CCACCAGGCAATTCCATAAG
GTCCTGGATA;TTCGCCACCG;False;9;TTCCTTGAGGTAAGACAGCA;GGCCAATATTTATCGGACCG
CAGTGGCACT;CCTATTGTTA;False;9;CAGGACCAATGCGGATATTA;CCTTGGCATCCGAATCGGTC
AGTGTTGCAC;CGTGTACCAG;False;8;AATATTGCCAGGTGTCACCG;AGTATGCTACGGTCTATTAA
GACACCATGT;TACACGTTGA;False;9;CACTCAATTCCACAACTTAA;TCCGTTATGTTACACTACAA
CCTGTCTGTC;TCACAACAGT;False;9;TCTGACTATGTAACCAGATC;TCAATCTAGCTCCGAATAAG
TGATGTAAGA;AAGGACGCAC;False;9;TTCTGTAGAATATTGCGCTC;TAATGTGTCTTATGCCTTAC
TAGTTCGGTA;CTACACATGG;False;9;TATTGCGCTCCCTAACACAG;TCGTCCGCATCTACAATCCA
CTATTACTAC;GGAGAGACTC;False;8;CCAATGATACCGGCACACTC;CGGTTACGGCCTATAGTCTT
TAGCATAACC;TGCGCATAGC;False;9;TCTCAATACCCGCGAACGTC;ACTCCGAAGCTCCGTGTTGC
ACTCTATTGT;CATATGCGAT;False;10;GATAGATCAGCGTACGCCAT;AGGCTGGAGACAACTGTCAT
TCTATCCTAA;CCAGTCGACG;False;9;CCTCCTGTGACACGTCTACG;GGTCTATTAACGTGTCGTGG
CTCGCTTCGG;TTGACTAGTA;False;9;TTCGTTCACACTGATTAGTG;CTCATTCTGCTTGAAGCGGT
CTGTTGGTCC;AACGGTCTAT;False;9;CACCTGTTGCATGTGTCAAT;TCGCTGAGAGAATGCTCTAG
TTACCTGGAA;CTGGAACTGT;False;10;GTAACTGAAGTCGCGACTCC;GCAGCCTCAACTAGCACTTA
TGGCTAATCA;CTACATGCCT;False;10;TAGAAGATCGCGACCAGTGT;GTTCTCATCACCTCCATTCT
AACACTGTTA;TGAGACTTGC;False;9;TTCATGGTTCTGACAATGTC;CACACAGTATTTAGGCTCAA
ATTGCGCGGT;GCGGAGCCAA;False;9;GTTGCCTGACCGGTTGCCAA;ATAGCCGGTTTCTTATCCGG
TGGCGCGAAC;AGTATCAGTT;False;10;AGACTAGATGCGTAACACTA;TGGTACCTAAAGTACTCATG
TAATGTGTCT;TATGCCTTAC;False;10;AGATCGCTCGTGAGCGTTAT;TGATGTAAGAAAGGACGCAC
ATACCAACGC;CGCAGCAATT;False;9;CTAATAACCGCGATGCGGTT;GTAACTCCGCCCGTTCTATT
AGGATGTGCT;GGAATTGTAA;False;9;AGTATGCTACGGTCTATTAA;AGGATACGGTAACCACGTCA
CACGGAACAA;GTGCTAGGTT;False;9;ACCGTTACAATCGCTATGAG;AACGCGACTGGACCTACGAG
CCAAGGCCTT;AGTACTTCGA;False;9;CCACAGCCTTGCTATTGAAG;TCTATTCAGTTGTACTGAGA
TTACTCCACA;CATCGGTGTC;False;9;TTACGCACCTCAACGAGAGC;GTTCTCATCACCTCCATTCT
AGTAGAAGTG;TCGACGCTAG;False;8;GGTAGAATTATGATGGCTAC;ATTAGAAGACTCCAGCCTGC
TACGAGTCCA;TGCTTCGCTA;False;9;CAGCAGGTCACACTTAGGTA;
TCTCATGATA;TCCACGTGTT;False;10;GCGATGCAGATCTTCGTGTA;GCGGTTGATAGCTGTATCTT
CGAGGCCAAG;CCGGTAACAC;False;9;TTAAGACAAGCAATTAAGCC;CAGGACCAATGCGGATATTA
TTCACGAGAC;GTAACAATCT;False;10;TCTAGGCGCGTTAACCTTCG;TACGTGAAGGCTAATAACCG
GCGTGGATGG;CATTGGTCAA;False;8;GAGAAGAGGAGTTAGGTCAA;TCCTGGTTGTTGCCGGTCAG
TCTGGTATCC;GTAAGCAACG;False;9;TCTAGGCGCGTTAACCTTCG;AATTCCATCTGTAACTGAAG
CATTAGTGCG;TATGTAGTCA;False;9;CCTATGTGTATAGTGAGTCG;CAGCAGGTCACACTTAGGTA
ACGGTCAGGA;AACGAGGCCG;False;7;ACGACAATGAAACGCGGTAG;AGGATACGGTAACCACGTCA
GGCAAGCCAG;CGGATGCTTG;False;8;GCATAGCCAATGGTTCCTGG;CGCACGACTGCTGTTGGTCC
TGTCGCTGGT;AGTCAGACGA;False;10;GATAGGTGAAAGACGCAAGA;TGTCTTCATCATTCACGCTA
ACCGTTACAA;TCGCTATGAG;False;9;AACGCGACTGGACCTACGAG;CACGGAACAAGTGCTAGGTT
TATGCCTTAC;TAATGTGTCT;False;10;TATCCAGTTCTGAGCTACGT;TGTGCGCATCTAGTCCGTTC
ACTGGATCTA;CTAGCGGCGA;False;9;GTTGGATGAATTACCTGGAA;GCAGCCTCAACTAGCACTTA
TGGTACCTAA;AGTACTCATG;False;10;TCCAACTGAATGTCCGTAGG;TGGCGCGAACAGTATCAGTT
TTGGAATTCC;GTATTGACGT;False;9;TTACAGTTAGATATGCATGT;ATAGAGTTCGGCATAACGGC
CCTCTACATG;AGGAGGTATC;False;8;CCTCCGGTTGTGGTGTTATG;ACTCGGCAATTTCAGTTGTC
GGAGCGTGTA;ACTTACGGAT;False;9;TGAACGCGGATCCTTCGAAG;CTTGCCATTACCTTCGTGAT
GTCCGTAAGC;AAGATACACG;False;9;TTCCTACAGCAGAATTCGCC;CTGCGTTACCTCGAGCCATA
ACTTCAAGCG;TTCATGGTTC;False;9;ACTCCGAAGCTCCGTGTTGC;AGTACAACTGCATTGAGTTC
TCAGAAGGCG;TATGATGGCC;False;9;TGATTATACGTGTAATCGAC;TAAGGAGGAAAATGTCGGAA
GCGTTGGTAT;GGAAGTATGT;False;10;ACCTTCGGACGACCGTAGAT;CTGTTGGTCCAACGGTCTAT
ACATATCCAG;ATTGCACATA;False;8;CGACATCCGAAATGAACGTA;GCAGCCTCAACTAGCACTTA
TCATAGATTG;CACCTTAATC;False;9;TCGGAGACCTAAGGTTACTC;TCCTACGTCACACTTAAGTA
GTATTCCACC;TTGTCTACAT;False;8;GCATTCCTTCGAGCCTGCTT;GTGTACCTTCTAGCTCACAG
CCTCCGTCCA;CACCGATGTG;False;9;CAGCAGGTCACACTTAGGTA;
TGCCGGTCAG;TTGTATCAGG;False;10;TGATGGCTACATGTTGTTGG;TGGTGTTATGTAGAATTGGA
CACTCAATTC;CACAACTTAA;False;9;CGCACATTACTGGAACGTAG;GACACCATGTTACACGTTGA
TCTCACACGC;TCACTGTCCG;False;9;ACTCCGAAGCTCCGTGTTGC;TTCTACATACTTACAGTTAG
TCAATGGAGA;GTTGTAGTGC;False;10;GCCTTAACGAGATGTCGGTC;GCGGTTGATAGCTGTATCTT
ATATGCATGT;CCAGGCACCA;False;10;CAAGGATCGAGCAGACACAA;ATTAACAAGGACGAACAACA
CTAGCTTCAA;AGCTTACACA;False;8;CGAGCGTAGTTGCTCACGCA;ATAGCTCTAGCGCTGTAGGA
TCCGTTATGT;TACACTACAA;False;9;GACACCATGTTACACGTTGA;TCGTTGCTGCTTCACGAGAC
GGTCTATTAA;CGTGTCGTGG;False;9;TCTATCCTAACCAGTCGACG;CGCACATTACTGGAACGTAG
CAGCAATCGT;ATACATCACA;False;9;CTGGAACTGTGTTAATTACG;CCGAAGCGCTATAGTTAGCA
TTCTGTAGAA;TATTGCGCTC;False;9;CGTGGCAGAATCTTCCGATG;TGATGTAAGAAAGGACGCAC
GAACGCAATA;ACAGTAAGAT;False;10;CTCCGCCATAGCGTTCAGCA;CGAGGCCAAGCCGGTAACAC
AGTACTCATG;ACCACGACAT;False;9;AGAACTAACGTTATCGAGAG;AGTAGAAGTGTCGACGCTAG
GGTAGAATTA;TGATGGCTAC;False;7;GTTGGAATCTTGACCGCTTC;AGTAGAAGTGTCGACGCTAG
TAATTAGCGT;TTCTTAACCA;False;9;TAAGCCACGCTTACGAACGA;TAGGTCCAGATGCTCATCCG
ATTAACAAGG;ACGAACAACA;False;9;GTTGGCCATCACGAATGTCA;ATATGCATGTCCAGGCACCA
TGATGGCTAC;ATGTTGTTGG;False;9;GCATAGCCAATGGTTCCTGG;TGACAAGAGGAATCTGTTGG
GAATTACAAG;CTGAGCCGGT;False;10;GATTCTGAATGTCCACCGCT;TTAATAGCACCAGACGTGGT
TAGAATTGGA;TCAGATTAAC;False;9;TCAATCTAGCTCCGAATAAG;AATACACGGAGCTGGTTAAT
AGGCAGCTCT;ACGTTAGCCG;False;9;ATTGAGGTCCATATAATCCG;CAGCAGGTCACACTTAGGTA
ATCGGCGAAG;AATTCTTGGA;False;9;TTAGACCATGCTTCCTAGGA;AACAACACAGGAACATTGGC
CCGTGACCGA;CAACGTTCGG;False;8;TGGAGATCGACAGCGGTATG;CGGTTACGGCCTATAGTCTT
ATACTTGTTC;TCGGCGGTTA;False;10;CTACAAGTTCGCACCATGAA;ATCCAGGTATGCTGACGTTG
TCCGCCAATT;CAGCACGGAG;False;10;AACGCGACTGGACCTACGAG;TTGGCAGATGCGTTAATGAG
AGGACAGGCC;AGCTGGAATG;False;9;ATGACAGCACCGCTTGTTAT;GTGACACGCAGTCCGTAAGC
AGAGAACCTA;TAGCATAACC;False;10;AGTGGACTGGTAGCGGTTCT;TCAGAAGGCGTATGATGGCC
GATATTGTGT;ACCGTGTGGT;False;9;GATAGGCCGAGCCATGTGCG;TTAACGGTGTACGGTCAGGA
CGTACAGGAA;AGAGAACCTA;False;8;CTTACCGCACATAGGTCTTA;CGATCTGTGAAGTCTTCCTA
CTGCGTTACC;TCGAGCCATA;False;9;CACCTTAATCTCTATCCTAA;CGGCATATACATGAGCTGGA
AGGCCGTGGA;AACGCACGAG;False;8;ACGACAATGAAACGCGGTAG;AAGCGGTGAAAACCTAGACG
AGGAGGTATC;TGCCAACTGG;False;8;AATAGGTAGGTGGCTTATGG;AGGAGACCACTACCACGTAG
GCTGACGTTG;AATGCGAACA;False;9;GGCGCCATTGATTGCGCGGT;CCTGACCACTATAGCCAAGA
CTAATAACCG;CGATGCGGTT;False;8;ACAAGAACCTCGATACTGAA;ATACCAACGCCGCAGCAATT
TCTAGGCGCG;TTAACCTTCG;False;9;TCTGGTATCCGTAAGCAACG;CGGAGATACGCAGACCTACG
ATAGCCAAGA;CAGTGGCACT;False;9;ACTGGCAAGATGTTGTCCAT;GAAGACTAGAAAGTTCTAGT
TTCGGTGTGA;ATACTTGTTC;False;9;TCCGGACTAGATTGTTCGTC;TTCGTTCACACTGATTAGTG
ATGTAACGTT;CAGCAATCGT;False;9;AGTTAATGCTCGGCTGCAGT;AGGTAACAACGCACGATGCT
AACGAGGCCG;ATCCAGGTAT;False;10;AACGCGACTGGACCTACGAG;ACTGTCGACGTTGTAGGAAG
TGGTGTTATG;TAGAATTGGA;False;8;AAGTGTTAGGCGGAACTAGC;TGATTATACGTGTAATCGAC
TGGCCTCTGT;CGCTGTCTCA;False;9;ATAGCTCTAGCGCTGTAGGA;CGAGCGTAGTTGCTCACGCA
CCAGGCACCA;TAATTAGCGT;False;9;TTACGCACCTCAACGAGAGC;CCAGTCGTCACGCTAGGCTA
CCGGTTCCTA;CTCGAATATA;False;8;CGAGTTCGCACCGGATTATG;CATCTACGTACTCAATTACA
GGCCAATATT;TATCGGACCG;False;9;CGCTTAGAATTATCACTCTG;TGACAAGAGGAATCTGTTGG
GAATACCTAT;ACTCTATTGT;False;10;GTTCTCATCACCTCCATTCT;TGATGGCTACATGTTGTTGG
TACGTGAAGG;CTAATAACCG;False;9;TTCGTTCACACTGATTAGTG;TAGGAAGCGGCCAATCCAGG
CTTATTGGCC;ACTTGTTATC;False;10;CGAGTTCGCACCGGATTATG;TCCATTGCCGTCGTGCATTC
ACAACTACTG;TGTGATAACT;False;10;TCAATACGTGGCTGCTAATA;CCACCTGCTTTGTTACCGTC
GTTGGATGAA;TTACCTGGAA;False;9;ATTCCATAAGCCACCAGGCA;ACTGGATCTACTAGCGGCGA
AATCCAATTG;CCTCTACATG;False;9;AACGCGACTGGACCTACGAG;AGTACAACTGCATTGAGTTC
GTGCTAGGTT;GCAATATTCA;False;9;CTACAAGTTCGCACCATGAA;GAGCGACGATTGATTATACG
ACAGCGACCA;AGAGCTCCTG;False;8;CCTTCTAACAAGAGCTTATC;TCGGAGACCTAAGGTTACTC
TCCACACAGA;CATCCGACAA;False;8;ACCTCATTGATATCCGATCT;GCGCCATATAGAACCTCCTA
AAGTGTTAGG;CGGAACTAGC;False;8;TGGTGTTATGTAGAATTGGA;CGGAGATACGCAGACCTACG
GATTCTGAAT;GTCCACCGCT;False;8;GATTCTTAGCTGCTAGCGGT;GCGTATTAATCAACACCGCA
TAGAGAATAC;CGAATCTATA;False;9;AAGAGCTCGCCCAATAGATC;TCGATCACGCAGGCTCTATG
TTGTATCAGG;TGGCCTCTGT;False;10;AATAGGTAGGTGGCTTATGG;TAGAAGATCGCGACCAGTGT
CACAGCGGTC;CAATAGGAAT;False;10;GACTGAGTAGCACTATCAAC;GCCAGCTATCTTGTTCGTGT
CCACGCTGAA;CTGAGGAATA;False;9;CCATGGTATACTCCGCGAGA;CCTCGTTGGAGACTGCGTTA
GTTCGGAGTT;TCAGAAGGCG;False;10;GTGCAGACAGACGGATGGTA;GAACGCAATAACAGTAAGAT
ATGTCGTATT;CCAGCAAGAA;False;8;ATTCCATAAGCCACCAGGCA;ATGGCGTGCCACTTCAAGCG
GCAATATTCA;AATTGGCGCC;False;9;TATGTAGTCACATTAGTGCG;GATGAATTCAAATCACAGCA
CTAGATTGCG;CGCCATATCT;False;9;TTGCAATGCGCGAGACTTCA;CTAGAGCGCATGCTAGAAGC
CGATGCGGTT;ACCAAGCAGG;False;8;TGACACGATTGCCTAGGAAG;ATAGCCGGTTTCTTATCCGG
TCCGGACTAG;ATTGTTCGTC;False;9;TTCGGTGTGAATACTTGTTC;GCCGCACTCTCGAGGTCGGA
GTGACGGAGC;TGGACCGCCA;False;9;GTAGGCGAGCTGCGCTCCTA;GCTAGGAAGTTCGTCCGAGA
AATTCCATCT;GTAACTGAAG;False;10;TCTGGTATCCGTAAGCAACG;ATGTCCAGCATTGTCCGCTG
TTAACGGTGT;ACGGTCAGGA;False;9;GATATTGTGTACCGTGTGGT;CCACCGGAGTCATGGCAGGC
ACTTGTTATC;TCTAGGCGCG;False;10;GATTCTTAGCTGCTAGCGGT;AGTAGAAGTGTCGACGCTAG
CGTGTACCAG;AACTTATCCT;False;10;AGTGGACTGGTAGCGGTTCT;CTAGTGCTCTTACTGTTCCA
TTAACCTTCG;TGTCTGGCCT;False;10;AAGCGCTTAGTGTCTGTGAC;CGAACGCACCGTTCTGTCAT
CATATGCGAT;CCGTTCAAGG;False;8;CTTACTCTCTCTGCTTAAGG;TCTATCCTAACCAGTCGACG
AGCCTATGAT;GTAGGTGGTG;False;9;AGATTAAGTGCCAAGAGGTG;CGCCAAGGTAGATAGTGTTC
TATGACAATC;ATACAAGCAA;False;8;TAAGCCACGCTTACGAACGA;TGTCTTCATCATTCACGCTA
ATGTTGTTGG;TCATAGATTG;False;9;AGTTAGCTGGGATGAGAATG;ATAGAGTTCGGCATAACGGC
GCACCACCAA;ATCAGTACCA;False;10;GCGGAGTCAACTCTATAGCT;GAAGCGGCACAGTAGAGCCG
AGGCGTTCGC;GTTGGATGAA;False;10;CGGCATATACATGAGCTGGA;CGACATCCGAAATGAACGTA
CCTCCGGTTG;TGGTGTTATG;False;8;CCTCTACATGAGGAGGTATC;CCTCCTGTGACACGTCTACG
GTCCACCGCT;GCTAATAGGA;False;10;CTCCGCCATAGCGTTCAGCA;GTAGGCCGTTGCCACTGTCT
ATTGTTCGTC;AATCTAGAGA;False;9;TGTCTTCATCATTCACGCTA;ACCGGCCGTAAATATTGCCA
GGACCAGTGG;TAGGCTCGCG;False;10;TGGACAATAGGAGTCCTGTG;CAACAGGTAGGACGATAGTG
CCTTCTAACA;AGAGCTTATC;False;8;ACAGCGACCAAGAGCTCCTG;CCATTCTGTAAGGTCTCGTC
CTCGAATATA;TCGACATCTC;False;7;ACCGAATAGATCAGCATCCG;AGCTACTATAGCCATATAAC
GATCGTCGCG;ACATATCCAG;False;10;TCTTGTCGGCACACAGGTGG;GATGCTAGAATGGATGCCAG
CCGACCTGTC;GTTATGAGCA;False;9;CCGAAGCGCTATAGTTAGCA;GCTACAGGTCTTATGCAGGA
CGCTGTCTCA;GGTGAGTAAT;False;9;AGATCGCTCGTGAGCGTTAT;CGAGTTCGCACCGGATTATG
AATGCGAACA;TCCGCCAATT;False;8;ATTCGGTACATCCTCGGACT;ACTCCGAAGCTCCGTGTTGC
AATTCTTGGA;AAGTTGACAA;False;9;GATGCTAGAATGGATGCCAG;GTTGCCTGACCGGTTGCCAA
TTCCTACAGC;AGAATTCGCC;False;9;GTAATGCGGCCGAATTCAAG;GTCCGTAAGCAAGATACACG
ATCCAGGTAT;GCTGACGTTG;False;9;CAACAGGTAGGACGATAGTG;CTGCAGATCGGTGGACTGTC
ACGGTCCAAC;TGATGTAAGA;False;9;CTGGACCATCCGATGTTGAT;ATAGCTCTAGCGCTGTAGGA
GTAACTTGGT;AGGTATGGCG;False;8;GTACCATGTCTGGAATAGTG;GTTAGTGCCTCTGCATAGCA
AGCGCCACAC;AAGACATTAG;False;8;AGAGGCAACCCCATCATTAG;ACCGTTACAATCGCTATGAG
TGCTACTGCC;CCTCCGGTTG;False;8;TGCCACTGTACAGCAGGTCA;TCCAACTGAATGTCCGTAGG
CAACACCGCA;TGCTACTGCC;False;7;CTAGAGCGCATGCTAGAAGC;CAGCACTACGTTCTGTGGCG
CACCTTAATC;TCTATCCTAA;False;9;AACCACACTACCTCTGCTGA;CACTCAATTCCACAACTTAA
TTGAATGTTG;CTAGATTGCG;False;8;CCGAATCTGGCTTGATTCAT;TTGCAATGCGCGAGACTTCA
CCGGTAACAC;AGTACAACTC;False;9;CCAATGATACCGGCACACTC;TCGGAGACCTAAGGTTACTC
ATCGTTACGG;CTTCCGGAGC;False;9;AGCGCTGTGTGTTCCGAACG;ATTGTTCGTCAATCTAGAGA
TCCTACGTCA;CACTTAAGTA;False;6;CAGCAGGTCACACTTAGGTA;
GTTATATCGC;TCCTTGTCTT;False;8;GGTAACTCGCTCACCAACTT;GTAACTCCGCCCGTTCTATT
GTTGGCCATC;ACGAATGTCA;False;7;GTAGGCCGTTGCCACTGTCT;ACCGGCCGTAAATATTGCCA
TCCTGGTTGT;TGCCGGTCAG;False;9;GCGTGGATGGCATTGGTCAA;TCCAACTGAATGTCCGTAGG
TAATTCTGCT;ATTGATGAGA;False;9;TATAACAGCTTTATACGCGA;AATGACTGGTACGCGTGAGA
CGCACGACTG;CTGTTGGTCC;False;8;AGTACAACTGCATTGAGTTC;GGCAAGCCAGCGGATGCTTG
GAGGTTAGAC;GCAATACATT;False;9;GCGGTTGATAGCTGTATCTT;AAGAGCTCGCCCAATAGATC
AACCGAGTTC;TCCAGAGATC;False;8;AACCGGCCTTTGTTCAGATC;AAGAGCTCGCCCAATAGATC
TGTGATAACT;ATGGCGCCTG;False;9;TCGGAGACCTAAGGTTACTC;GTGGACAAGTAAGGCCACGG
AGTATGCTAC;GGTCTATTAA;False;9;ACACCGCTTATGCCTAGTAA;AGTGTTGCACCGTGTACCAG
GTAACTGAAG;TCGCGACTCC;False;10;CTAACCTCAATCACAGTTGC;TCCATTGCCGTCGTGCATTC
TCCTCGGACT;CTCTGGCGTT;False;8;TTCTCGTGCACTCTGTGTAT;TCCTACGTCACACTTAAGTA
CTGGAACTGT;GTTAATTACG;False;9;CAGCAATCGTATACATCACA;CCGAATCTGGCTTGATTCAT
GAATATGCGG;TCAGTCTCGT;False;9;TAGGAAGCGGCCAATCCAGG;GATATTGTGTACCGTGTGGT
GATCGGATAA;CGGCCGATAC;False;9;GTTGGAATCTTGACCGCTTC;GGTAGAATTATGATGGCTAC
GCTAGACTAT;ATGTCGTATT;False;10;CCGATAGTAGGAGTTGCATA;ATTCCACACTTGGTCTTGTT
AGCTACTATA;GCCATATAAC;False;9;CTCGAATATATCGACATCTC;TGACACGATTGCCTAGGAAG
CCACCGGAGT;CATGGCAGGC;False;9;CCACCTGCTTTGTTACCGTC;CCAACCGTTCCATCTCTTGC
CTTACCGCAC;ATAGGTCTTA;False;8;CGTACAGGAAAGAGAACCTA;GCAGCCTCAACTAGCACTTA
TTAGGATATC;CCATGGTATA;False;10;TGGAGATCGACAGCGGTATG;CTGGACCATCCGATGTTGAT
TTATACGCGA;AACAGACGGC;False;10;TTACGGACGCATTGGCCAGC;TCTACAGCTAAATGGAAGAC
CGCTTAGAAT;TATCACTCTG;False;9;GGCCAATATTTATCGGACCG;AGACTAGATGCGTAACACTA
CCGAAGCGCT;ATAGTTAGCA;False;8;CCTGACCACTATAGCCAAGA;TCGGAGACCTAAGGTTACTC
CACTATCAAC;CATTAACTGA;False;10;CGACATCCGAAATGAACGTA;CACTCAATTCCACAACTTAA
CATCTACGTA;CTCAATTACA;False;8;CCGGTTCCTACTCGAATATA;CAGCCGCGTACACGGCTAGT
TTACAGTTAG;ATATGCATGT;False;9;TTGGAATTCCGTATTGACGT;TTACGGACGCATTGGCCAGC
CTAAGTACGC;TAGGTATGTT;False;8;CTATGAAGGACAGGTATAAG;GTAACTCCGCCCGTTCTATT
CTAGAGCGCA;TGCTAGAAGC;False;7;CAACACCGCATGCTACTGCC;CTAGATTGCGCGCCATATCT
TCGATCACGC;AGGCTCTATG;False;9;TGGAGATCGACAGCGGTATG;TCTCACACGCTCACTGTCCG
AACCTGGCTC;AACATACTCA;False;9;AACGCGACTGGACCTACGAG;CACCTTAATCTCTATCCTAA
TTATGGAAGT;TGTTATTGTC;False;9;TGATTATACGTGTAATCGAC;CCACCTGCTTTGTTACCGTC
TAGTGGAAGC;TATAGGTACT;False;9;GCGTGGATGGCATTGGTCAA;TAGTGGCTTGCCAAGTAACT
CGCCATATCT;ATCTCCGGTC;False;9;CGGCATATACATGAGCTGGA;CTGCAGATCGGTGGACTGTC
GCAGCCTCAA;CTAGCACTTA;False;9;ACTGGATCTACTAGCGGCGA;ACATATCCAGATTGCACATA
ACTAGCGCTA;GAGGAAGTAA;False;9;ACTTCCGGCAGACCAATTGT;TCTACAGCTAAATGGAAGAC
GCTCTTAACT;GGTGGACGTG;False;9;TCTCAATACCCGCGAACGTC;GCGGTTGATAGCTGTATCTT
GTGGTATCTG;AGATAGTAGC;False;10;GTCGACTCCTTGCCGTTAGC;TTGGCAGATGCGTTAATGAG
TGACGGCCGT;ATGGTTGACT;False;9;TTACGGACGCATTGGCCAGC;TGTCTGGCCTATTGGCTTCT
CAGTAATTAC;TACCGCCTCG;False;9;AGGAGACCACTACCACGTAG;CAATCCTTGTTGCGTCTTCG
TACAAGACTT;TGAACACCTG;False;9;AACCGGCCTTTGTTCAGATC;TAGAAGATCGCGACCAGTGT
CTGTGGTGAC;CCTGTCTGTC;False;9;CCTTGGCATCCGAATCGGTC;CTGCAGATCGGTGGACTGTC
CTCCACTAAT;AACAAGTACA;False;10;TGCCACTGTACAGCAGGTCA;CAGCAATCGTATACATCACA
ATAGTTAGCA;CTACTTAGAG;False;7;TTCGTTCACACTGATTAGTG;AGAACTAACGTTATCGAGAG
ATAGGTCTTA;CTGTGGTGAC;False;8;AGTGGTAGCATGGTGTTGAC;ATAGCTCTAGCGCTGTAGGA
TTCTTAACCA;GGTATGTAGA;False;10;GCCTTAACGAGATGTCGGTC;CGCTGTCTCAGGTGAGTAAT
AAGGAAGAGT;GCCTAACGTG;False;10;TGACACGATTGCCTAGGAAG;TAGGAAGCGGCCAATCCAGG
GGAAGGAGAC;AGACTCACCA;False;7;GATAGGTGAAAGACGCAAGA;CCAATGATACCGGCACACTC
TGAACGCGGA;TCCTTCGAAG;False;9;GGAGCGTGTAACTTACGGAT;TGACACGATTGCCTAGGAAG
AAGAGAGTCT;AAGATTCGTA;False;9;CCGATAGTAGGAGTTGCATA;CAGCAGGTCACACTTAGGTA
TTCATGGTTC;TGACAATGTC;False;9;AACACTGTTATGAGACTTGC;TTCAAGTATGCGATACCATC
CTCTCGGCTA;AGATCTGGTA;False;8;ATATCTGCTTAGATTGTCTA;ACCTGGCCAACGATCTGTGA
CACTAGACCA;ATAAGGCAGT;False;10;AACGAGGCCGATCCAGGTAT;TTCTTAACCAGGTATGTAGA
ATTATCCACT;TACGTGCGTA;False;9;CAAGTCTACACACGTACGTG;AATCTGCAGTTGCGAAGTGA
ATGGCGTGCC;ACTTCAAGCG;False;9;AGGCCGTGGAAACGCACGAG;ATGTCGTATTCCAGCAAGAA
TCCAGAGATC;TGAAGTGCAG;False;10;CGCACATTACTGGAACGTAG;TATCCAGTTCTGAGCTACGT
ATGTCCAGCA;TTGTCCGCTG;False;9;CGTGGCAGAATCTTCCGATG;TTCTGTAGAATATTGCGCTC
CAACGTTCGG;ATGCGGATCC;False;10;CGACGTACACTTATCGACCT;CAGCAATCGTATACATCACA
GCGTATTAAT;CAACACCGCA;False;8;GATTCTGAATGTCCACCGCT;TCGTCCGCATCTACAATCCA
CCGAATCTGG;CTTGATTCAT;False;8;TTGAATGTTGCTAGATTGCG;CTGGAACTGTGTTAATTACG
TCTCAATACC;CGCGAACGTC;False;9;TAGCATAACCTGCGCATAGC;GCTCTTAACTGGTGGACGTG
AAGCATCTTG;TTGTTGAATG;False;10;CCACATCATATTGTGCTTGG;GTAGATCCGGTTGTTCGGAG
TCAGTCTCGT;ATAATCCGTG;False;9;TCGATCACGCAGGCTCTATG;TAGGAAGCGGCCAATCCAGG
GTATAGAACA;TCCTGTGACA;False;8;ATTCGGTACATCCTCGGACT;CTAGTGCTCTTACTGTTCCA
GTAACAATCT;GTATACAGAG;False;8;AGAACTAACGTTATCGAGAG;ACAAGAACCTCGATACTGAA
CCATGGTATA;CTCCGCGAGA;False;9;CCACGCTGAACTGAGGAATA;CCTCGTTGGAGACTGCGTTA
TCATACCGTT;CTGCGTTACC;False;9;TCATAGATTGCACCTTAATC;TCGTCCGCATCTACAATCCA
GGCGCCATTG;ATTGCGCGGT;False;9;CTTGCCATTACCTTCGTGAT;GCTGACGTTGAATGCGAACA
AGCGAATTAG;TGTTCCGGCT;False;9;AGCATGTAACTAGTTCAGCT;CGCACATTACTGGAACGTAG
TTAGACCATG;CTTCCTAGGA;False;9;ATAGCTCTAGCGCTGTAGGA;ATCGGCGAAGAATTCTTGGA
CACACAGTAT;TTAGGCTCAA;False;9;AACACTGTTATGAGACTTGC;CGCACATTACTGGAACGTAG
TCTTGTCGGC;ACACAGGTGG;False;10;TGTCGCTGGTAGTCAGACGA;TCTCACACGCTCACTGTCCG
CTAACCGAGA;CGCGCATCGA;False;8;GTAGGCGAGCTGCGCTCCTA;CACAATAGGACTCGGATGGA
AGTGTCTAGG;TGCTTCTAGG;False;9;AATAGGTAGGTGGCTTATGG;TAGGTCCAGATGCTCATCCG
GAGGAGCTTC;TGTATACGTC;False;10;AACCGGCCTTTGTTCAGATC;GAGGTTAGACGCAATACATT
TCATCTACTA;AAGTCGCCTA;False;8;ATATCTGCTTAGATTGTCTA;CCATTCTGTAAGGTCTCGTC
GTAGGCGAGC;TGCGCTCCTA;False;8;CTAACCGAGACGCGCATCGA;GTGACGGAGCTGGACCGCCA
AACTTATCCT;ACGCCAGTAC;False;10;GACTCATCCAGAACCAAGCG;AACATCGCGCACAAGTGGAC
ATTATGTCTC;GCTCTTAACT;False;10;AGCATGTAACTAGTTCAGCT;ACAACTACTGTGTGATAACT
TATAACAGCT;TTATACGCGA;False;8;TATGACAATCATACAAGCAA;TAATTCTGCTATTGATGAGA
CCAATGATAC;CGGCACACTC;False;8;CTATTACTACGGAGAGACTC;ACCACGACATCCGCATACGA
GAGGCCTATT;TCCGGACTAG;False;9;TAGGTATGTTCTTGGTCTCG;TCAATCTAGCTCCGAATAAG
AGCTAAGCGG;GCGTATTAAT;False;10;AGGTCTATGGCCGTGAGAAC;AATACACGGAGCTGGTTAAT
CTTCCTAGGA;ATACTCTAGG;False;8;CCTCCTGTGACACGTCTACG;CTTACTCTCTCTGCTTAAGG
CGATCTGTGA;AGTCTTCCTA;False;9;CGACATCCGAAATGAACGTA;CGTACAGGAAAGAGAACCTA
GTGGACAAGT;AAGGCCACGG;False;9;TCGGAGACCTAAGGTTACTC;TGTGATAACTATGGCGCCTG
AACAAGTACA;GGATATATCC;False;9;TTCAAGTATGCGATACCATC;AACAACACAGGAACATTGGC
AGATTAAGTG;CCAAGAGGTG;False;9;AGTACAACTGCATTGAGTTC;CTAATAACCGCGATGCGGTT
TATCACTCTG;ATGTAACGTT;False;9;GATCACGGTTGCGATCCGTT;TGCCGGTCAGTTGTATCAGG
AGAATTCGCC;GAGCTTGCCG;False;9;GCATTCCTTCGAGCCTGCTT;AGCTTACACAGGTCGTGCCA
CCTGACCACT;ATAGCCAAGA;False;8;CCGAAGCGCTATAGTTAGCA;GCTGACGTTGAATGCGAACA
AGCTGGAATG;CGCATTCCGT;False;9;ACTTAGATCGCGGAATTCTT;AGGAGGTATCTGCCAACTGG
CCTTGGCATC;CGAATCGGTC;False;9;ACTTCCGTTCCAATTCCGTG;CAGTGGCACTCCTATTGTTA
TATAGGTACT;ATCTCACCTA;False;9;TGTGATAACTATGGCGCCTG;CGAGCGTAGTTGCTCACGCA
CAAGTCTACA;CACGTACGTG;False;9;CAGCAGGTCACACTTAGGTA;
GAGAAGAGGA;GTTAGGTCAA;False;8;GCGTGGATGGCATTGGTCAA;CACAATAGGACTCGGATGGA
AGATAGTAGC;ATGGCGTGCC;False;8;CGATGATAGCTAGCCGTGAT;ATGTAGACCTCTGTCTTGCA
ATTAGAAGAC;TCCAGCCTGC;False;8;AGTAGAAGTGTCGACGCTAG;ACTCCGAAGCTCCGTGTTGC
GCTCGCACAT;ATTAAGCCAT;False;8;GATAGATCAGCGTACGCCAT;ACTGGCAAGATGTTGTCCAT
AATATTGCCA;GGTGTCACCG;False;8;AGTGTTGCACCGTGTACCAG;GAGCTTGCCGCCTGCAACCT
TCGTGCATTC;ATACCAACGC;False;9;TAAGCCACGCTTACGAACGA;TATGACAATCATACAAGCAA
AAGATACACG;TGTTAGCACA;False;10;CCGATAGTAGGAGTTGCATA;GCGATGCAGATCTTCGTGTA
TGCAATGAAT;TTACTTCTGG;False;9;GAGAATGGTTTTGCTGCCGA;TGACAAGAGGAATCTGTTGG
CTATGAAGGA;CAGGTATAAG;False;8;CTAAGTACGCTAGGTATGTT;TGGAGATCGACAGCGGTATG
GAAGACTAGA;AAGTTCTAGT;False;9;ATAGCCAAGACAGTGGCACT;AGTGTCTAGGTGCTTCTAGG
CCAGGTTATC;AACTGCATTC;False;8;CCTCGTTGGAGACTGCGTTA;CCACATCATATTGTGCTTGG
TTCACTCACT;TCTCATGATA;False;8;TCTATTCAGTTGTACTGAGA;CTTACTCTCTCTGCTTAAGG
GGTCCGCTTC;CTTGTGTGAG;False;9;CGAACGCACCGTTCTGTCAT;CTTGCCATTACCTTCGTGAT
TAGTGGCTTG;CCAAGTAACT;False;9;TAGTGGAAGCTATAGGTACT;TATGAACTTGCCTAAGGATT
ATTGAGGTCC;ATATAATCCG;False;9;ATAGAGTTCGGCATAACGGC;AGGCAGCTCTACGTTAGCCG
GGAGAGACTC;TCTGCTTCAA;False;10;CCAAGGCCTTAGTACTTCGA;GTAGGCGAGCTGCGCTCCTA
CCGCTCCGTT;CTTCGCCGTA;False;10;CCACCTGCTTTGTTACCGTC;TGTCTTCATCATTCACGCTA
ATACATCACA;TCAATGGAGA;False;9;GTATAGAACATCCTGTGACA;ATTCGGTACATCCTCGGACT
TAGGTATGTT;CTTGGTCTCG;False;9;GAGGCCTATTTCCGGACTAG;TCGCTGAGAGAATGCTCTAG
CACCTAGCAC;ATGTCCAGCA;False;9;CTTCAACCACAGGCGCATAA;CTCCGCCATAGCGTTCAGCA
TTCAAGTATG;CGATACCATC;False;9;TTCATGGTTCTGACAATGTC;AACAAGTACAGGATATATCC
TTAAGACAAG;CAATTAAGCC;False;9;CGAGGCCAAGCCGGTAACAC;TCGCGACACTCGAGTAATGT
CACCTCTCTT;AGGAGTCGAG;False;8;CACCTGTTGCATGTGTCAAT;CCATTCTGTAAGGTCTCGTC
TTCTCGTGCA;CTCTGTGTAT;False;8;TCCTCGGACTCTCTGGCGTT;TCCGCGAGTACGCTGAATGC
GCTAGGAAGT;TCGTCCGAGA;False;8;TCTATTCAGTTGTACTGAGA;GCCAGCTATCTTGTTCGTGT
TTAATAGCAC;CAGACGTGGT;False;9;ATGACAGCACCGCTTGTTAT;CTCATTCTGCTTGAAGCGGT
CATTCACGCT;TGAGTACAAC;False;9;GAGCGACGATTGATTATACG;CAATCGGCTGTTCCTACAGC
GGCACTAAGG;GTTGACCTGA;False;9;GGCGCCATTGATTGCGCGGT;TTCCTTGAGGTAAGACAGCA
ATTCGGTACA;TCCTCGGACT;False;8;AATGCGAACATCCGCCAATT;GTATAGAACATCCTGTGACA
ACTAATCTCC;AGATTAAGTG;False;9;ACTTCCGTTCCAATTCCGTG;ATTGAGGTCCATATAATCCG
TGTGTTAGTA;TAACAGAGTA;False;10;TTCCTTGAGGTAAGACAGCA;TGTCTTCATCATTCACGCTA
CAACGACCTA;ATCGAGTCGC;False;9;CATCTACGTACTCAATTACA;CAAGGATCGAGCAGACACAA
CGGTCGGCAT;CCTTGCCTAG;False;11;ATGACAGCACCGCTTGTTAT;CCACCTGCTTTGTTACCGTC
GTAACTCCGC;CCGTTCTATT;False;8;GTTATATCGCTCCTTGTCTT;CTAAGTACGCTAGGTATGTT
CTCGTAGGCA;AAGAGGATGA;False;10;CGCCAAGGTAGATAGTGTTC;TAAGCATCCAAATGGATTGA
AAGTTCTAGT;TTATCTTACC;False;9;TAGGTCCAGATGCTCATCCG;CAGCACTACGTTCTGTGGCG
CCAAGAGGTG;CTGGCTCGTT;False;8;ACGAGACGTCCGGTCTCTCT;CCATCACGTGTCTCCTGGTT
ATATCTGCTT;AGATTGTCTA;False;8;CTCTCGGCTAAGATCTGGTA;TCATCTACTAAAGTCGCCTA
TGGATCTGGC;TTCAGCATTG;False;10;TCAATCTAGCTCCGAATAAG;TAGTTCGGTACTACACATGG
TTGAATCCAA;ACACCGTGAC;False;9;CTAACCTCAATCACAGTTGC;TAGAATTGGATCAGATTAAC
CACGGCTAGT;CTTGTACACC;False;9;CAAGTCTACACACGTACGTG;AAGAGCTCGCCCAATAGATC
GAGCTTGCCG;CCTGCAACCT;False;9;GTTCTCATCACCTCCATTCT;GCGGTTGATAGCTGTATCTT
AGCTAGCTTC;CTCCGTATTA;False;9;TCATAGATTGCACCTTAATC;AGCTGATGTCCAGGACATGA
CAATCCTTGT;TGCGTCTTCG;False;9;CCTCCTGTGACACGTCTACG;CAGTAATTACTACCGCCTCG
CACCTGTTGC;ATGTGTCAAT;False;8;CACCTCTCTTAGGAGTCGAG;CTGTTGGTCCAACGGTCTAT
CGTCACCTTG;CAATCGGCTG;False;9;GATAGCCTTGCATTGTGGTA;ACTTCCGTTCCAATTCCGTG
AATGACTGGT;ACGCGTGAGA;False;9;TAATTCTGCTATTGATGAGA;GATAGGTGAAAGACGCAAGA
ATGATTCCGG;CACGTCAGAG;False;9;GTAGATCCGGTTGTTCGGAG;TTACTTCGTGAAGATCGGAT
TTAGGCTCAA;TTCCATTCGA;False;8;CTAACCTCAATCACAGTTGC;TAAGCCACGCTTACGAACGA
TGTAAGGTGG;CCAAGGCCTT;False;9;TATGAACTTGCCTAAGGATT;TAGGAAGCGGCCAATCCAGG
CAACTGCAAC;GTTGCGTTCA;False;9;CGAACGCACCGTTCTGTCAT;AACCTGATCTATTCCGTCCG
ACATGAGTGA;AGCTAAGCGG;False;9;CCAGTCGTCACGCTAGGCTA;ACGACAATGAAACGCGGTAG
GCAACCAGTC;TTCCTCGGTG;False;9;GCCAGCTATCTTGTTCGTGT;GCTACAGGTCTTATGCAGGA
GAGCGACGAT;TGATTATACG;False;9;AAGCGGTGAAAACCTAGACG;GTGCTAGGTTGCAATATTCA
CGAACGCACC;GTTCTGTCAT;False;9;AGTATGCTACGGTCTATTAA;GGTCCGCTTCCTTGTGTGAG
TCTTACGCCG;TGCAATGAAT;False;9;ACTTAGATCGCGGAATTCTT;ACTGTCGACGTTGTAGGAAG
AGCTGATGTC;CAGGACATGA;False;9;TGCCACTGTACAGCAGGTCA;CACTCAATTCCACAACTTAA
CTGAATTAGT;CGATCGAATT;False;9;TTCAAGTATGCGATACCATC;CTGGACCATCCGATGTTGAT
TAAGGAGGAA;AATGTCGGAA;False;9;TAAGCATCCAAATGGATTGA;TCAGAAGGCGTATGATGGCC
AGCTTACACA;GGTCGTGCCA;False;9;AGAATTCGCCGAGCTTGCCG;AGGTAACAACGCACGATGCT
AACCAGCCAC;GTGCTGTGGC;False;8;AACAACACAGGAACATTGGC;AAGCGCTTAGTGTCTGTGAC
CTTAAGTCGA;ACAACTACTG;False;8;GGTAACTCGCTCACCAACTT;CGTTATTCTAAACCTTATGG
GCCTAACGTG;CTTGAGAGCT;False;8;GTCTAATGGCCCTGACCACT;GCGGAGTCAACTCTATAGCT
ACTTACTTCA;TAATTCCAGA;False;8;ACTTCCGTTCCAATTCCGTG;TCCTACGTCACACTTAAGTA
CGCATTCCGT;CTCCACTAAT;False;9;CCGGTTCCTACTCGAATATA;CCGAATCTGGCTTGATTCAT
GATATCACAC;ACATATAGTC;False;8;AACATCGCGCACAAGTGGAC;AACAACACAGGAACATTGGC
AGCGCTGTGT;GTTCCGAACG;False;9;AACCTGATCTATTCCGTCCG;ACCTCATTGATATCCGATCT
TCACCGCGCT;CTAGTATCGA;False;8;TCGCGACACTCGAGTAATGT;TCGTCCGCATCTACAATCCA
GATAGCCTTG;CATTGTGGTA;False;9;AGTACAACTGCATTGAGTTC;CGTCACCTTGCAATCGGCTG
CCTGGACGCA;TGGTATACCA;False;9;AGTGGTAGCATGGTGTTGAC;CTAGAGCGCATGCTAGAAGC
TTACGCACCT;CAACGAGAGC;False;9;TTACGGACGCATTGGCCAGC;TTACTCCACACATCGGTGTC
TCGTTGCTGC;TTCACGAGAC;False;9;TCCGTTATGTTACACTACAA;CCTACTCTGCTGCAATTGGC
CGACAAGGAT;AGGTGGCCTT;False;9;CGTACAGGAAAGAGAACCTA;AGGACAGGCCAGCTGGAATG
GTGTACCTTC;TAGCTCACAG;False;9;GCATTCCTTCGAGCCTGCTT;GTATTCCACCTTGTCTACAT
ACCTGGCCAA;CGATCTGTGA;False;8;CTCTCGGCTAAGATCTGGTA;GCATAGCCAATGGTTCCTGG
TGTCTGGCCT;ATTGGCTTCT;False;9;TGACGGCCGTATGGTTGACT;TTACGGACGCATTGGCCAGC
AGTTAATGCT;CGGCTGCAGT;False;9;ATGTAACGTTCAGCAATCGT;ACTCTATTGTCATATGCGAT
GGTGAGTAAT;ACTAGATGTT;False;10;AGGTAACAACGCACGATGCT;ACTCGGCAATTTCAGTTGTC
TACTCTGCGC;CATAGTAAGG;False;9;TATTGCGCTCCCTAACACAG;TAGGAAGCGGCCAATCCAGG
AGGTATGGCG;GTCTCGCCAC;False;10;AGAACTAACGTTATCGAGAG;AGGTCTATGGCCGTGAGAAC
TCCAGCCTGC;TGGATCTGGC;False;7;CCTACTCTGCTGCAATTGGC;GCCAGCTATCTTGTTCGTGT
GATGAATTCA;AATCACAGCA;False;8;GATCAAGGCAATTAACAAGG;TATGTAGTCACATTAGTGCG
ATCCGGCAGC;TTATTCGATC;False;8;AACCGGCCTTTGTTCAGATC;CCTTGGCATCCGAATCGGTC
ACGAACCATG;GTAATTCAGT;False;10;ACGGTCCAACTGATGTAAGA;AGCTGGAATGCGCATTCCGT
CAACCAAGTA;GCGTGGATGG;False;9;CCACATCATATTGTGCTTGG;ACAACGAATCGACTGTACGG
GTTGCGTTCA;CAACTGCAAC;False;9;GTTGGAATCTTGACCGCTTC;GTTGCCTGACCGGTTGCCAA
CTTCAACCAC;AGGCGCATAA;False;9;CTTCTCAGAGTGACGCTTAG;CACCTAGCACATGTCCAGCA
TCTATTCAGT;TGTACTGAGA;False;8;TTCACTCACTTCTCATGATA;GCTAGGAAGTTCGTCCGAGA
CAAGACGTCC;TCCGTATACT;False;9;CAATCCTTGTTGCGTCTTCG;TCAATCTAGCTCCGAATAAG
TGAGTACAAC;GTCCAAGCGT;False;9;TGTCTTCATCATTCACGCTA;AGGTAACAACGCACGATGCT
CCGCGGTTCT;AATCTACTCC;False;9;AAGCGGTGAAAACCTAGACG;CATTAGTGCGTATGTAGTCA
ATTGATACTG;GGAGCGTGTA;False;9;ATATCTGCTTAGATTGTCTA;ACTGGATCTACTAGCGGCGA
GGATTATGGA;CTCTATCGGA;False;10;GCGGAGTCAACTCTATAGCT;GATTCTTAGCTGCTAGCGGT
TGGTTCTCAT;CGGCCTTGAG;False;9;CACCTCTCTTAGGAGTCGAG;TGGAGATCGACAGCGGTATG
TCAACCACGA;TATGAACTTG;False;9;TCAATCTAGCTCCGAATAAG;CGACATCCGAAATGAACGTA
TATGAACTTG;CCTAAGGATT;False;9;AATCCAATTGCCTCTACATG;TAGTGGCTTGCCAAGTAACT
AGTGGTTAAG;GTATTCCACC;False;9;AGTGTCTAGGTGCTTCTAGG;TCTGGTATCCGTAAGCAACG